Jonasson, Anders

Lundgren, Elin
Lundqvist,Elin
Jönsson, Ann-Marie
Svensson,   Sven Olof
Gómez Iglesias, José Antonio


Hellström, Elisabeth
Hellström, Kjell
Lindberg, Viktor
Håkansson, Jonathan
Danielsson, Klara
Mattsson, Emelie
Olofsson, Charlotta
Strömberg, Roger
Öberg, Amanda
Dahl, Maria
Hassan, Liam
Ekström, Göran
Jansson, Emelie
Lindqvist, Charlotte
Arvidsson, Felix
Andersson, Georg
Abrahamsson, Ove
Åkesson, Roland
Wikström, Emilia
Mårtensson, Kristin
Mattsson, Göran
Larsson, Samuel
Håkansson, Max
Lindqvist, Mats
Martinsson, Lucas
Håkansson, Amanda
Holmqvist, Gustav
Viklund, Mona
Mattsson, Anneli
Gustafsson, Katarina
Eriksson, Ellen
Dahlberg, Gösta
Mårtensson, Eva
Söderberg, Helena
Hassan, Christina
Lind, Ingrid
Henriksson, Isak
Blom, Fredrik
Danielsson, Gösta
Arvidsson, Viktoria
Hansen, Jessica
Sandström, Oskar
Mattsson, Anna
Strömberg, Lena
Bergqvist, Emilia
Samuelsson, Charlotte
Gustafsson, Peter
Åkesson, Alexander
Sundberg, Nina
Andreasson, Pontus
Bergman, Per
Lundberg, Liam
Lundström, Dan
Jakobsson, Johan
Lindholm, Ali
Persson, Ingegerd
Gunnarsson, Göran
Engström, Viktor
Dahl, Helen
Martinsson, Malin
Blom, Mats
Hedlund, Roger
Lindqvist, Torbjörn
Mårtensson, Gabriel
Hansen, Carina
Månsson, Katarina
Lund, Christoffer
Holmberg, Jörgen
Ahmed, Elsa
Eklund, Berit
Nordström, Alexander
Åberg, Bertil
Sundberg, Olivia
Sundberg, Jimmy
Jansson, Rut
Norberg, Caroline
Samuelsson, Lisa
Sandberg, Henrik
Isaksson, Karl
Wikström, Agnes
Karlsson, Alva
Lindberg, Alva
Lundin, Linda
Claesson, Lena
Martinsson, Julia
Isaksson, Jonathan
Olofsson, Alexandra
Jonsson, Erik
Björklund, Pontus
Holmgren, Bengt
Bergström, Klara
Lindgren, Amanda
Johansson, Roland
Mårtensson, Thomas
Lindqvist, Ludvig
Sandström, Pernilla
Andersson, Victoria
Bergström, Joakim
Håkansson, Elin
Hedlund, Kenneth
Nilsson, Tommy
Månsson, Ellen
Nordström, Rickard
Håkansson, Samuel
Hansson, Anette
Nordin, Leo
Eliasson, Robert
Öberg, Filip
Strömberg, Alice
Nordström, Johnny
Henriksson, Oliver
Viklund, Britt
Lundström, Gustav
Ahmed, Ludvig
Lundberg, Oskar
Viklund, Maria
Mårtensson, Gunilla
Bergman, Wilhelm
Viklund, Johanna
Nyberg, Isabelle
Olsson, Adam
Isaksson, Dan
Hansen, Berit
Ström, Therese
Hansson, Linn
Norberg, Märta
Martinsson, Gun
Lundqvist, Bengt
Holmgren, Inga
Lund, Elin
Lund, Alexander
Hansson, Hugo
Ek, Bertil
Nordin, Jonathan
Nyberg, Kevin
Olsson, Leo
Hansen, Lilly
Gunnarsson, Thomas
Wikström, Magnus
Abrahamsson, Roger
Berg, Pia
Viklund, Peter
Ahmed, Wilhelm
Lind, Oscar
Axelsson, Emil
Danielsson, Georg
Mårtensson, Jimmy
Lindström, Mats
Öberg, Helen
Hansson, Jacob
Larsson, Robin
Bergström, Charlotta
Pålsson, Johannes
Björk, Felicia
Eriksson, William
Engström, Mats
Björklund, Kristina
Björk, Agnes
Hassan, Astrid
Hassan, Håkan
Larsson, Katarina
Lind, Sebastian
Andreasson, Jonas
Nordin, Oskar
Samuelsson, Dennis
Arvidsson, Anders
Danielsson, Viktoria
Isaksson, Mona
Fransson, Mattias
Nyberg, Thomas
Arvidsson, Cecilia
Nordström, Kevin
Sandberg, John
Björk, Gösta
Hansson, Anna
Söderberg, Ove
Viklund, Rolf
Eklund, Joakim
Holmqvist, Stefan
Norberg, Stig
Månsson, Rickard
Berggren, Lucas
Hansson, Gun
Lindgren, Isak
Andreasson, Niklas
Pettersson, Sara
Andreasson, Marcus
Jonsson, Oscar
Eklund, Lovisa
Hansen, Jimmy
Arvidsson, Ulla
Sjögren, Peter
Lindholm, Sofie
Lindqvist, Alexandra
Hellström, Nils
Abrahamsson, Olle
Andreasson, Kerstin
Sundberg, Mattias
Wikström, Maj
Björk, Nina
Hansson, Ulf
Lind, Adam
Nyström, Gun
Håkansson, Mona
Lundgren, Ulla
Ahmed, Erika
Ström, Lilly
Claesson, Niklas
Berggren, Lilly
Arvidsson, Ove
Jonsson, Ulf
Åberg, Robert
Berggren, Wilma
Samuelsson, Olof
Lind, Maria
Mattsson, Gunnar
Olofsson, Emma
Magnusson, Magnus
Nordin, Lars
Lundgren, Louise
Berg, Alexander
Sjögren, Gunnar
Lindqvist, Felix
Lundqvist, Lars
Andreasson, Ella
Blomqvist, Bengt
Falk, Lilly
Wallin, Oliver
Lundström, Jörgen
Mattsson, Oliver
Isaksson, Rasmus
Lundgren, Annika
Lundberg, Jenny
Isaksson, Elisabeth
Martinsson, Torbjörn
Andersson, Ulrika
Ahmed, Olivia
Lindberg, Cecilia
Nilsson, Stig
Andersson, Göran
Falk, Linnéa
Persson, Ingrid
Norberg, Rut
Jönsson, Pernilla
Svensson, Jonas
Jönsson, Anders
Strömberg, Elias
Sandström, Mikael
Jönsson, Johannes
Lundqvist, Lovisa
Månsson, Ann
Ström, Margareta
Jansson, Jessica
Olsson, Anton
Löfgren, Christoffer
Lind, Håkan
Håkansson, Simon
Henriksson, Oscar
Sandström, Helena
Ekström, Ella
Wikström, Oskar
Lund, Lina
Nyberg, Alma
Samuelsson, Kevin
Lundberg, Anita
Persson, Leif
Bergqvist, Kurt
Hassan, Hanna
Larsson, Göran
Månsson, Mona
Isaksson, Kurt
Lindström, Samuel
Lundström, Tobias
Sjöberg, Marcus
Nilsson, Christian
Engström, Åke
Norberg, Barbro
Nilsson, Helen
Hassan, Alice
Persson, Emma
Lundin, Dennis
Holmgren, Therese
Björklund, Karl
Sjögren, Hanna
Larsson, Max
Söderberg, Elin
Ek, Stefan
Berglund, Gunnar
Mohamed, Elisabeth
Bengtsson, Andreas
Abrahamsson, Olof
Lindqvist, Göran
Holmqvist, Rickard
Pålsson, Carina
Bergqvist, Dan
Olofsson, Pontus
Berg, Åsa
Sandström, Ulrika
Holmberg, Ingegerd
Ek, Alexander
Blom, Birgitta
Nordin, Georg
Åkesson, Agnes
Jakobsson, Niklas
Olofsson, William
Pettersson, Hugo
Fransson, Magnus
Lind, Caroline
Falk, Kurt
Olofsson, Josef
Strömberg, Robert
Wallin, Viktor
Nyström, Rasmus
Andreasson, Albin
Hellström, Carina
Blom, Karl
Hellström, Elin
Jönsson, Georg
Hassan, Adam
Jonsson, Sebastian
Holmqvist, Anton
Lind, Peter
Dahl, Jimmy
Hermansson, Christer
Wikström, Lena
Jakobsson, Ellen
Forsberg, Erik
Ahmed, Mohamed
Svensson, Emelie
Isaksson, Anita
Holmgren, William
Löfgren, Cecilia
Sjöberg, Henrik
Hedlund, Christian
Pålsson, Charlotte
Ekström, Rasmus
Holmqvist, Therese
Bergman, Oscar
Pålsson, Gunnar
Bergström, John
Wallin, Moa
Eliasson, Erik
Björklund, Sonja
Dahl, Kurt
Persson, Eva
Berglund, Lisa
Falk, Bertil
Gunnarsson, Sofia
Björklund, Linnéa
Strömberg, Sofie
Sjögren, Peter
Magnusson, Inga
Blom, Moa
Samuelsson, Nathalie
Åberg, Mats
Pettersson, Jessica
Nyström, Kent
Samuelsson, Carina
Mårtensson, Kjell
Falk, Kjell
Hansson, Erika
Martinsson, Maj
Dahlberg, Nathalie
Holmgren, Kent
Forsberg, Jonas
Sundberg, Anneli
Nyberg, Julia
Eliasson, Anette
Engström, Louise
Axelsson, Rune
Danielsson, Josefin
Nordström, Josefin
Berglund, Klara
Sjöberg, Maria
Gustafsson, Jessica
Strömberg, Mikael
Eklund, Wilma
Jönsson, Camilla
Danielsson, Lennart
Lundqvist, Daniel
Dahlberg, Malin
Lund, Gun
Björklund, Inger
Olsson, Liam
Eklund, Berit
Karlsson, Matilda
Larsson, Linn
Pålsson, Elias
Lundberg, Anna
Olofsson, Lilly
Ström, Isabelle
Berggren, Hanna
Sjögren, Alexandra
Ekström, Jenny
Nordström, Stig
Lindgren, Christer
Ström, Inger
Abrahamsson, Gunnar
Isaksson, Ingegerd
Nordström, Julia
Lundström, Katarina
Henriksson, Camilla
Isaksson, Christina
Ström, Åke
Jönsson, Stig
Fredriksson, Linus
Hansen, Christer
Ali, Kent
Engström, Emilia
Abrahamsson, Olof
Nordström, Oskar
Abrahamsson, Oskar
Axelsson, Martin
Nilsson, Amanda
Wikström, Leif
Olofsson, Roland
Åberg, Ludvig
Ahmed, Sara
Persson, Anette
Nordin, Irene
Ekström, Saga
Forsberg, Jessica
Lindberg, Håkan
Norberg, Lovisa
Berggren, Gabriel
Åberg, Rasmus
Holmberg, Matilda
Jonsson, Rebecca
Sundberg, Elsa
Lundgren, Ulrika
Sjögren, Viktor
Hermansson, Johan
Mattsson, Kenneth
Nordström, Märta
Sandström, Lovisa
Lindström, Rune
Mårtensson, Edvin
Claesson, Dan
Isaksson, Kenneth
Ekström, Matilda
Lindström, Gunnar
Pålsson, Erika
Strömberg, Jörgen
Samuelsson, Jonathan
Björk, Frida
Mohamed, Elsa
Bengtsson, Maj
Ekström, Julia
Bengtsson, Johnny
Åberg, Isabelle
Engström, Jessica
Sundberg, Margareta
Falk, Leo
Falk, Dennis
Lundberg, Berit
Martinsson, Elias
Månsson, Eva
Holmgren, Mohamed
Jansson, Hanna
Nyberg, Magnus
Svensson, Stig
Andreasson, Matilda
Abrahamsson, Magnus
Svensson, Josefin
Gunnarsson, Birgitta
Holmqvist, Elisabeth
Söderberg, Marcus
Pålsson, Ulla
Hassan, Ulf
Danielsson, Caroline
Holmberg, Emil
Håkansson, Katarina
Persson, Ulrika
Lindberg, John
Jakobsson, Lovisa
Jonsson, Lilly
Viklund, Robert
Lindström, Helena
Hellström, Felicia
Henriksson, Martin
Holmqvist, Kurt
Nordin, Torbjörn
Strömberg, Andreas
Hellström, Mohamed
Olofsson, Patrik
Sandberg, Robert
Bergström, Leo
Lindgren, Linn
Eliasson, Liam
Jansson, Christer
Holmberg, Viktoria
Axelsson, Albin
Lindholm, Madeleine
Sandberg, Nils
Henriksson, Anton
Forsberg, Elin
Hansen, Sara
Ali, Jacob
Ali, Jakob
Henriksson, Patrik
Viklund, Agneta
Persson, Christoffer
Gustafsson, Joakim
Lind, Rolf
Hansson, Lennart
Lundin, Ann
Lundström, Stefan
Arvidsson, Amanda
Wikström, Linnéa
Berglund, Madeleine
Håkansson, Gustav
Gunnarsson, Julia
Nyberg, Jessica
Fredriksson, Anton
Olofsson, Isabelle
Pettersson, Agnes
Eklund, Bengt
Eklund, Georg
Forsberg, Cecilia
Strömberg, Johnny
Ahmed, Charlotta
Lundström, Pernilla
Eklund, Saga
Mohamed, Carina
Ek, Astrid
Gunnarsson, Monica
Lindström, Martin
Pålsson, Malin
Larsson, Stig
Åkesson, Bertil
Berglund, Kristina
Strömberg, Stefan
Andersson, Kristina
Lundin, Åke
Eriksson, Gunilla
Holmgren, Maj
Björk, Sebastian
Blom, Marianne
Magnusson, Mikaela
Sjöberg, Ingvar
Sjögren, Lina
Viklund, Rolf
Mårtensson, Gabriel
Eriksson, Gustav
Sundberg, Anton
Mattsson, Julia
Öberg, Hans
Lundström, Eva
Isaksson, Christer
Sandström, Albin
Axelsson, Håkan
Falk, Lennart
Ali, Sebastian
Månsson, Maja
Hassan, Alice
Löfgren, Max
Magnusson, Ulla
Engström, Wilma
Lindqvist, Stig
Jansson, Julia
Blom, Simon
Isaksson, Rolf
Jönsson, Åke
Lundström, Kristina
Nyström, Ove
Persson, Ingegerd
Öberg, Adam
Löfgren, Frida
Bengtsson, Niklas
Karlsson, Alva
Pålsson, Britt
Nyström, Gabriel
Andreasson, Irene
Lundgren, Charlotta
Jansson, John
Jansson, Ida
Ström, Oliver
Johansson, Victoria
Söderberg, Emilia
Holmberg, Pernilla
Pålsson, Elias
Lindström, Linda
Ek, Marie
Bergman, Olivia
Löfgren, Jessica
Abrahamsson, Anita
Karlsson, Elsa
Eliasson, Jessica
Ekström, Rickard
Samuelsson, Gun
Lindberg, Tobias
Ström, Hans
Öberg, Edvin
Lundgren, Jesper
Claesson, Dennis
Bengtsson, Inger
Fransson, Mattias
Sjöberg, Karin
Lindberg, Wilma
Holm, Göran
Hedlund, Marcus
Samuelsson, Matilda
Henriksson, Isak
Lind, Gun
Axelsson, Jörgen
Hedlund, Marie
Svensson, Anna
Berggren, Therese
Blomqvist, Ulf
Månsson, Albin
Forsberg, Jakob
Ekström, Alma
Lundin, Elias
Holmberg, Anita
Ahmed, Katarina
Berg, Siv
Ekström, Joakim
Lundin, Erik
Månsson, Marianne
Sandberg, Monica
Lundin, Oliver
Björklund, Christian
Lindberg, Mohammad
Nordin, Rune
Lindholm, Tommy
Söderberg, Caroline
Lundberg, Elin
Holmgren, Hans
Hansen, Niklas
Lundqvist, Lucas
Månsson, Margareta
Åberg, Erik
Hellström, Sofia
Holmberg, Kjell
Bergman, Robert
Hermansson, Jan
Jakobsson, Annika
Holmgren, Sofie
Ekström, Anneli
Ekström, Wilhelm
Lundqvist, Alice
Samuelsson, Kristina
Jansson, Erik
Ahmed, Louise
Hedlund, Camilla
Löfgren, Stig
Nilsson, Bertil
Lundberg, Linn
Sandberg, Caroline
Henriksson, Monica
Bergman, Camilla
Lindqvist, Märta
Ali, Anders
Fransson, Margareta
Holmqvist, Anneli
Engström, Daniel
Pålsson, Alexandra
Andersson, Klara
Nordin, Oscar
Olsson, Sofia
Hermansson, Jessica
Martinsson, Lucas
Holm, Rickard
Hermansson, Jessica
Lindholm, Margareta
Danielsson, Åke
Björk, Susanne
Larsson, Charlotta
Bergman, Isak
Danielsson, Ulrika
Gustafsson, Sven
Bergman, Andreas
Wallin, Axel
Åkesson, Joakim
Lundgren, Christian
Falk, Hanna
Falk, Ida
Öberg, Linus
Gunnarsson, Ove
Svensson, Camilla
Gunnarsson, Hugo
Lindholm, Ebba
Sjöberg, Anna
Bergström, Dennis
Larsson, Maria
Holmgren, Viktoria
Jakobsson, Elisabeth
Samuelsson, Camilla
Mohamed, Moa
Mohamed, Anneli
Claesson, Marie
Pettersson, Felix
Lind, Joakim
Lind, Susanne
Sandberg, Kjell
Holmgren, Ebba
Sjögren, Kristina
Olsson, Lars
Lundgren, Mikael
Karlsson, John
Wallin, Robin
Ström, Jakob
Forsberg, Eva
Sjöberg, Kenneth
Lind, Linnéa
Pettersson, Nathalie
Isaksson, Johnny
Hansson, Ali
Norberg, Maja
Ali, Kent
Berg, Lucas
Jönsson, Ali
Pålsson, Sonja
Strömberg, Leo
Claesson, Ellinor
Söderberg, Amanda
Nordin, Viktoria
Lund, Leif
Sjöberg, Per
Fredriksson, Alexander
Wallin, Bertil
Sandström, Sonja
Wallin, Niklas
Eklund, Jonas
Lindgren, Göran
Falk, Tommy
Lindgren, Karl
Berggren, Oscar
Nyström, Christina
Lind, Joakim
Ström, Erik
Blomqvist, Sebastian
Eriksson, Gustav
Eriksson, Helena
Bengtsson, Hugo
Axelsson, Andreas
Sandberg, Christer
Lundberg, Anneli
Jansson, Josefin
Samuelsson, Dan
Arvidsson, Sara
Mohamed, Jonas
Olsson, Nina
Berggren, Ulrika
Johansson, Oscar
Sandström, Victoria
Holm, Elsa
Ekström, Roger
Holm, Anita
Jakobsson, Leo
Lundberg, Annika
Mårtensson, Alexandra
Öberg, Adam
Danielsson, Mohamed
Berglund, Peter
Larsson, Inga
Blom, Liam
Björk, Rasmus
Viklund, Jesper
Lund, Charlotte
Söderberg, Anette
Lundqvist, Jonas
Ekström, Anna
Mårtensson, Adam
Ahmed, Christoffer
Lundberg, Mattias
Gunnarsson, Niklas
Hermansson, Anders
Hassan, Joakim
Nordström, Samuel
Lundström, Sonja
Lindgren, Astrid
Abrahamsson, Lena
Norberg, Åsa
Jonsson, Elsa
Larsson, Jonathan
Öberg, Emelie
Holmgren, Emanuel
Holmgren, Matilda
Lundström, Anita
Norberg, Monica
Axelsson, Birgitta
Andreasson, Håkan
Lundberg, Ella
Nordström, Felicia
Johansson, Ann
Ekström, Torbjörn
Berg, Rut
Martinsson, Joakim
Svensson, Rebecca
Mattsson, Agneta
Sandström, Christoffer
Martinsson, Elin
Lundqvist, Kristin
Ek, Camilla
Lindqvist, Annika
Löfgren, Martin
Håkansson, Niklas
Lindström, Monica
Andreasson, Sofia
Sjögren, Leo
Dahlberg, Gunnar
Olsson, Linus
Berg, Olle
Öberg, Jacob
Lindholm, Hugo
Jonsson, Joel
Bergqvist, Agneta
Pettersson, Sandra
Eliasson, Kurt
Håkansson, Agneta
Björklund, Alice
Sjögren, Olof
Hedlund, Mattias
Wikström, Agnes
Ahmed, Tommy
Olofsson, Rolf
Falk, Johnny
Ali, Oskar
Håkansson, Karl
Ström, Lilly
Forsberg, Ellen
Henriksson, Josefin
Hansson, Ulf
Berg, Christer
Bergman, Lena
Ali, Andreas
Pettersson, Peter
Engström, Emma
Ahmed, Kurt
Lundström, Maria
Bengtsson, Ulf
Svensson, Karolina
Berggren, Moa
Söderberg, Axel
Strömberg, Jenny
Forsberg, Mohammad
Lundström, Louise
Mohamed, Maja
Ek, Inga
Nilsson, Adam
Olsson, Maja
Samuelsson, Pontus
Eriksson, Susanne
Olofsson, Martin
Nordin, Christer
Samuelsson, Kent
Lindström, Ingvar
Gustafsson, Inger
Söderberg, Pia
Jansson, Ulf
Abrahamsson, Felicia
Arvidsson, Jan
Berg, Johannes
Eklund, Annika
Pålsson, Maria
Bergström, Gabriel
Nyström, Ellinor
Andersson, Hugo
Lindholm, Ingemar
Blomqvist, Carina
Månsson, Patrik
Ekström, Maj
Mårtensson, Wilhelm
Hansen, Felix
Lind, Åsa
Lundin, Nina
Karlsson, Rebecca
Sjöberg, Ulla
Bergström, Oliver
Arvidsson, Ulrika
Ekström, Jenny
Berg, Kevin
Holm, Karl
Ek, Linda
Abrahamsson, Leo
Gunnarsson, Ida
Svensson, Ella
Berglund, Per
Lindholm, Peter
Sjöberg, Moa
Nilsson, Rune
Ekström, Wilhelm
Sundberg, Mohamed
Dahl, Matilda
Ali, Gun
Abrahamsson, Mikael
Åberg, Saga
Larsson, Karolina
Andersson, Bengt
Pålsson, Daniel
Lundin, Rune
Holm, Saga
Lund, Kjell
Andreasson, Patrik
Ekström, Peter
Dahl, Wilma
Bergqvist, Sven
Samuelsson, Agneta
Olofsson, Felicia
Löfgren, Leo
Ekström, Mikael
Dahl, Johnny
Henriksson, Kevin
Henriksson, Rebecca
Holmberg, Bengt
Andreasson, Jörgen
Mohamed, Christoffer
Viklund, Torbjörn
Lundberg, Lena
Gunnarsson, Jonas
Dahl, Axel
Holmgren, Ingvar
Eriksson, Jakob
Lindberg, Emil
Lindström, Kerstin
Axelsson, Lars
Wallin, Märta
Lund, Ebba
Holmqvist, Sonja
Falk, Louise
Hedlund, Lucas
Månsson, Patrik
Axelsson, Lina
Sjögren, Rasmus
Johansson, Lovisa
Gunnarsson, Joel
Ek, Oliver
Jonsson, Erika
Johansson, Peter
Lindgren, Lucas
Sjöberg, Marie
Holmgren, Kenneth
Samuelsson, Ulla
Claesson, Saga
Berggren, Eva
Sjögren, Alexander
Lundin, Kevin
Claesson, Robert
Holm, Lena
Berg, Ingrid
Claesson, Martin
Claesson, Anton
Gustafsson, Ingemar
Nilsson, Elisabeth
Forsberg, Maj
Sjögren, Elias
Lundqvist, Mona
Larsson, Siv
Norberg, Ingegerd
Magnusson, Rut
Sandberg, Ingegerd
Sandström, Dan
Lund, Wilma
Lund, Edvin
Wallin, Isak
Löfgren, Astrid
Hansson, Karolina
Ström, Josefin
Persson, Johannes
Nordin, Karolina
Nordin, Anneli
Holmberg, Liam
Berg, Helen
Björk, Anette
Andreasson, Kjell
Berg, Susanne
Bergqvist, Karolina
Mårtensson, Axel
Viklund, Nathalie
Ström, Patrik
Hassan, Håkan
Holm, Viktor
Björk, Pernilla
Bergqvist, Alexander
Isaksson, Emelie
Månsson, Karin
Bergqvist, Emil
Mårtensson, Sofie
Fransson, Jörgen
Lindqvist, Roger
Jansson, Hugo
Svensson, Sven
Håkansson, Linn
Blomqvist, Rolf
Lund, Jesper
Wikström, Linus
Lindgren, Christer
Gustafsson, Niklas
Blom, Martin
Wallin, Lisa
Dahlberg, Jonas
Martinsson, Viola
Löfgren, Sara
Eriksson, Anette
Berggren, Mats
Eriksson, Monica
Berg, Mattias
Magnusson, Emil
Lund, Pia
Lundström, Marcus
Lindgren, Cecilia
Johansson, Viola
Fransson, Agnes
Magnusson, Ulla
Olofsson, Irene
Berggren, Ida
Berglund, Helena
Lundqvist, Annika
Söderberg, Jessica
Nyberg, Olle
Nordin, Albin
Svensson, Thomas
Nyberg, Robert
Åberg, Filip
Magnusson, Nathalie
Andersson, Jesper
Lundin, Anna
Eliasson, Emil
Bergström, Tommy
Viklund, Annika
Lundgren, Therese
Sjögren, William
Abrahamsson, Jenny
Axelsson, Jacob
Pettersson, Astrid
Håkansson, Lilly
Holmberg, Joel
Hansen, Göran
Åkesson, Olof
Samuelsson, Robin
Strömberg, Rune
Nyström, Johannes
Sjöberg, Rolf
Nordström, Kurt
Åberg, Inga
Lundberg, Susanne
Sandberg, Gunnar
Magnusson, Per
Bergström, Sebastian
Sandström, Carina
Dahl, Ingegerd
Sandström, Louise
Holm, Katarina
Karlsson, Kurt
Lundberg, Tobias
Ek, Emma
Bergqvist, Nathalie
Norberg, Jesper
Björk, Göran
Dahlberg, Anette
Nyberg, Linda
Svensson, Gunilla
Olofsson, Roland
Abrahamsson, Johanna
Öberg, Rune
Hedlund, Gabriel
Jansson, Lucas
Dahl, Isak
Lundqvist, Anette
Åkesson, Inger
Ström, Britt
Andersson, Kurt
Björklund, Åke
Löfgren, Hans
Lundin, Pia
Ahmed, Ella
Lundin, Linus
Lundström, Kerstin
Arvidsson, Rut
Söderberg, Ulf
Lundberg, Ludvig
Sundberg, Dan
Eriksson, Frida
Mårtensson, Jakob
Berggren, Viktoria
Ek, Linn
Blomqvist, Inger
Mårtensson, Pia
Lindberg, Matilda
Hassan, Märta
Nilsson, Georg
Lindqvist, Emma
Löfgren, Jimmy
Hansen, Cecilia
Ek, Håkan
Samuelsson, Barbro
Dahl, Ella
Holmqvist, Astrid
Lindgren, Yvonne
Blom, Ellen
Berglund, Christer
Mattsson, Julia
Abrahamsson, Anita
Lundgren, Inga
Sjögren, Karolina
Sundberg, Christina
Björk, Olle
Håkansson, Wilhelm
Olsson, Rasmus
Ström, Olle
Olofsson, Ella
Lindgren, Victoria
Mohamed, Simon
Dahlberg, Marie
Lundgren, Marie
Håkansson, Stefan
Eliasson, Liam
Fredriksson, Emelie
Sjögren, Ulla
Pålsson, Anneli
Dahl, Camilla
Nordin, Saga
Sjöberg, Leo
Lundgren, Maja
Axelsson, Ida
Björklund, Jenny
Ekström, Jacob
Blomqvist, Anders
Sandberg, Jonas
Olsson, Saga
Mattsson, Berit
Wallin, Madeleine
Martinsson, Irene
Hellström, Henrik
Jansson, Birgitta
Holmqvist, Mikaela
Lindström, Alexander
Hassan, Viktor
Olsson, Marianne
Forsberg, Mohamed
Lindström, Siv
Öberg, Gun
Sandberg, Mikaela
Pettersson, Louise
Svensson, Oscar
Ali, Martin
Nordström, Saga
Svensson, Max
Wikström, John
Lindgren, Anna
Lundqvist, Daniel
Hermansson, Lovisa
Hansson, Caroline
Jönsson, Robin
Hermansson, Marie
Holm, Helena
Holmqvist, Isak
Fransson, Olivia
Danielsson, Kjell
Nyström, Magnus
Hedlund, Patrik
Blom, Ingvar
Jakobsson, Alexander
Sjögren, Kurt
Hellström, Åsa
Olsson, Håkan
Lund, Linnéa
Lundgren, Irene
Karlsson, Jonas
Blom, Stefan
Sundberg, Stefan
Mattsson, Ella
Sundberg, Charlotte
Nilsson, Alma
Nyberg, Rasmus
Sundberg, Bengt
Bengtsson, Lena
Mohamed, Mona
Löfgren, Torbjörn
Berg, Margareta
Nordström, Maja
Lundin, Siv
Hansson, Carina
Ahmed, Klara
Lundberg, Niklas
Eriksson, Moa
Jakobsson, Yvonne
Falk, Magnus
Axelsson, Roger
Svensson, Gabriel
Holmgren, Lovisa
Abrahamsson, Robert
Lindberg, Gunilla
Fredriksson, Jonathan
Ali, Barbro
Eliasson, Agnes
Sandström, Leo
Sundberg, Sofie
Magnusson, Jesper
Månsson, Barbro
Ström, Hanna
Andersson, Ingrid
Wallin, Pia
Henriksson, Olle
Hermansson, Märta
Olofsson, Lina
Björklund, Monica
Pettersson, Ali
Eliasson, Peter
Hermansson, Emil
Henriksson, Roger
Dahlberg, Marcus
Mattsson, Mona
Jansson, Jessica
Hedlund, Irene
Ali, Thomas
Bergström, Helen
Martinsson, Jimmy
Andreasson, Camilla
Bergman, Elin
Viklund, Lisa
Persson, Sara
Löfgren, Pernilla
Eliasson, Marianne
Öberg, Moa
Lundin, Mohamed
Pålsson, Bertil
Jönsson, Max
Dahl, Robin
Hansson, Alma
Andreasson, Sandra
Holmgren, Saga
Nyström, Fredrik
Johansson, Hanna
Mattsson, Henrik
Eliasson, Ida
Månsson, Sonja
Mattsson, Lisa
Mårtensson, Jesper
Fredriksson, Isak
Persson, Viola
Jansson, Isak
Ek, Irene
Hermansson, Patrik
Söderberg, Jakob
Hansen, Ann
Magnusson, Olof
Jansson, Kenneth
Olsson, Rasmus
Berg, Victoria
Svensson, Mohammad
Åberg, Maria
Fransson, Pontus
Samuelsson, Julia
Jakobsson, Oscar
Månsson, Pontus
Lundström, Olof
Jakobsson, Inger
Berg, Andreas
Jansson, Joel
Berggren, Louise
Öberg, Anette
Jakobsson, Sonja
Eliasson, Caroline
Nordström, Karl
Nilsson, Annika
Lindgren, Pernilla
Holmgren, Leif
Gustafsson, Christer
Martinsson, Pia
Nilsson, Ingvar
Lindqvist, Emma
Johansson, Hanna
Danielsson, Stefan
Wikström, Emil
Berglund, Viola
Wallin, Elin
Sundberg, Annika
Jakobsson, Agneta
Bergström, Emanuel
Axelsson, Linnéa
Hansen, Elsa
Sundberg, Leif
Berg, William
Claesson, William
Isaksson, Rickard
Claesson, Pia
Olofsson, Martin
Berg, Karolina
Falk, Roger
Isaksson, Fredrik
Strömberg, Mikaela
Nilsson, Anette
Fredriksson, Anton
Mohamed, Mikael
Forsberg, Rebecca
Hermansson, Nathalie
Lindgren, Patrik
Åkesson, Mohamed
Larsson, Tommy
Sandberg, Josef
Bergman, Fredrik
Ahmed, Gun
Lindgren, Robin
Fredriksson, Ulla
Nordin, Gun
Bergström, Fredrik
Blom, Elsa
Sjöberg, Stefan
Ström, Karolina
Öberg, Anders
Lund, Charlotte
Martinsson, Jesper
Larsson, Märta
Bengtsson, Martin
Abrahamsson, Dennis
Månsson, Ulf
Lindholm, Johanna
Nyberg, Sara
Forsberg, Charlotta
Öberg, Tobias
Arvidsson, Ulrika
Karlsson, Mohamed
Strömberg, Oscar
Henriksson, Ulla
Henriksson, Ludvig
Jansson, Ingrid
Henriksson, Mikaela
Nyberg, Gustav
Lundin, Monica
Hedlund, Louise
Eriksson, Nina
Sundberg, Lisa
Sundberg, Linnéa
Björklund, Anneli
Lindholm, Liam
Åberg, Agneta
Hassan, Bertil
Falk, Christer
Sjögren, Susanne
Berg, Ulrika
Lindgren, Lars
Ström, Anders
Åberg, William
Norberg, Liam
Engström, Charlotte
Svensson, Jan
Nyström, Georg
Berg, Christina
Sandström, Jimmy
Bergman, Julia
Viklund, Helena
Mattsson, Klara
Falk, Felicia
Ström, Sebastian
Holmberg, Sandra
Hellström, Viktoria
Pettersson, Henrik
Lund, Sara
Åkesson, Hans
Öberg, Lilly
Håkansson, Ulla
Ek, Barbro
Abrahamsson, Ingvar
Berg, Jakob
Olofsson, Ebba
Johansson, Victoria
Bergqvist, Astrid
Persson, Linda
Eriksson, Oscar
Viklund, Rut
Ali, Viktoria
Blomqvist, Christian
Engström, Ulf
Gunnarsson, Åke
Nyström, Ebba
Blomqvist, Felicia
Ström, Sandra
Blomqvist, Johnny
Berggren, Ellinor
Ekström, Jörgen
Olsson, Erika
Blomqvist, Rut
Sundberg, William
Magnusson, Gun
Wallin, Tobias
Lundin, Bertil
Lundgren, Samuel
Jakobsson, John
Blomqvist, Ulf
Strömberg, Olof
Olsson, Sonja
Lindholm, Lisa
Månsson, Yvonne
Fransson, Ludvig
Åkesson, Ulrika
Lindström, Helena
Danielsson, Nina
Holmberg, Ebba
Danielsson, Erika
Samuelsson, Lovisa
Lindqvist, Lena
Holmberg, Maja
Pettersson, Olof
Ek, Nathalie
Sundberg, Robert
Björk, Patrik
Claesson, John
Nyberg, Maja
Bergström, Per
Ali, Peter
Holmberg, Erik
Lundberg, Fredrik
Berg, Henrik
Persson, Anneli
Johansson, Anita
Mattsson, Felicia
Hansen, Roland
Jansson, Camilla
Sjögren, Stefan
Engström, Louise
Wallin, Nina
Fransson, Roland
Lindgren, Kjell
Björklund, Ellinor
Engström, Patrik
Björk, Sara
Söderberg, Per
Arvidsson, Hugo
Holmberg, Bengt
Gustafsson, Christina
Eliasson, Gustav
Nordin, Pernilla
Eliasson, Viktoria
Lind, Gunilla
Lind, Bertil
Sundberg, Klara
Lindberg, Jonas
Nilsson, Therese
Jakobsson, Berit
Magnusson, Sara
Jansson, Viktor
Bengtsson, Karolina
Lindberg, Adam
Åkesson, Anneli
Berggren, Martin
Öberg, Irene
Ek, Ingemar
Öberg, Pia
Hedlund, Inga
Sjögren, Hanna
Åberg, Christoffer
Lund, Olivia
Nilsson, Åke
Nyberg, Jimmy
Karlsson, Sandra
Björk, Agnes
Ekström, Åsa
Berglund, Wilma
Karlsson, Rolf
Nyström, Marie
Fredriksson, Gunnar
Berggren, Peter
Holm, Moa
Larsson, Jonas
Öberg, Elsa
Björklund, Patrik
Blom, Olle
Lindgren, Klara
Wallin, Sandra
Holmqvist, Fredrik
Åberg, Christian
Blom, Carina
Axelsson, Christian
Lund, Josef
Lundin, Kjell
Engström, Robert
Eriksson, Birgitta
Svensson, Siv
Berglund, Rut
Dahlberg, Roland
Nordin, Tommy
Larsson, Ellinor
Lundqvist, Josef
Nyström, Berit
Arvidsson, Agneta
Blom, Berit
Lindqvist, Johanna
Berglund, Rut
Lund, Dan
Hansson, Bengt
Abrahamsson, Dennis
Bergström, Alice
Olsson, Sebastian
Öberg, Märta
Bergman, Håkan
Andersson, Mikael
Eklund, Ove
Hermansson, Ellinor
Jakobsson, Sebastian
Larsson, Helena
Gunnarsson, Alexander
Lindgren, Elisabeth
Ström, Gunnar
Söderberg, Kristina
Hassan, Hanna
Mohamed, Hugo
Danielsson, Pernilla
Hedlund, Rolf
Bergqvist, Kristin
Andersson, Kristina
Bergman, Amanda
Eliasson, Anders
Sjöberg, Marie
Falk, Caroline
Hermansson, Monica
Lind, Lovisa
Holmqvist, Ulla
Abrahamsson, Max
Lundgren, Magnus
Lindholm, Louise
Ekström, Sonja
Lund, Britt
Gunnarsson, Ingvar
Dahl, Ingemar
Lindgren, Johnny
Eklund, Ingegerd
Olofsson, Robert
Holmqvist, Viola
Nordström, Saga
Viklund, Karin
Sandberg, Magnus
Sandberg, Helen
Lind, Tobias
Lindberg, Filip
Henriksson, Edvin
Sjöberg, Amanda
Sandberg, Madeleine
Jansson, Marcus
Mattsson, Lina
Bengtsson, Robert
Andreasson, Ingrid
Falk, Emilia
Lundström, Sebastian
Mårtensson, Linus
Martinsson, Helen
Lundin, Ella
Dahlberg, Jan
Martinsson, Ingemar
Sandberg, Oscar
Ali, Inga
Strömberg, Ellinor
Lind, Åsa
Jakobsson, Emelie
Gustafsson, Gösta
Björk, Sebastian
Falk, Mikaela
Åkesson, Marcus
Lind, Malin
Åkesson, Lennart
Lund, Charlotta
Nordström, Tobias
Bergqvist, Therese
Blomqvist, Pernilla
Berglund, Simon
Wallin, Hugo
Nilsson, Samuel
Söderberg, Hans
Nyberg, Rolf
Axelsson, Jesper
Bergman, Camilla
Pettersson, Lucas
Arvidsson, Adam
Öberg, Christian
Bergman, Barbro
Jönsson, Elias
Sandberg, Robert
Martinsson, Josef
Hermansson, Karolina
Dahlberg, Simon
Hedlund, Caroline
Samuelsson, Niklas
Nordström, Joakim
Eriksson, Johnny
Lundgren, Sonja
Nordin, Sofie
Hansson, Karolina
Holmberg, Kristina
Nilsson, Rut
Lundström, Erik
Danielsson, Viktoria
Bergqvist, Sofie
Henriksson, Gustav
Mårtensson, Agneta
Viklund, Elsa
Lindholm, Jakob
Björk, Eva
Gunnarsson, Pernilla
Åberg, Gustav
Lindberg, Irene
Lindgren, Magnus
Söderberg, Alice
Åberg, Tobias
Isaksson, Louise
Abrahamsson, Edvin
Nordström, Märta
Persson, Ali
Henriksson, Malin
Martinsson, Lars
Gustafsson, Linus
Svensson, Lennart
Holmqvist, Max
Pettersson, Ebba
Mohamed, Linn
Gustafsson, Viola
Hansson, Alexander
Öberg, Jacob
Sjöberg, Ellen
Åberg, Alma
Lindström, Jörgen
Björklund, Rasmus
Andersson, Georg
Berglund, Albin
Norberg, Astrid
Svensson, Alexandra
Åberg, Bengt
Lundström, Leif
Johansson, Andreas
Nordin, Birgitta
Sandström, Lucas
Holmberg, Edvin
Sundberg, Hugo
Lundström, Andreas
Lundgren, Ann
Samuelsson, Göran
Olsson, Anneli
Abrahamsson, Berit
Blomqvist, Ellen
Norberg, Sven
Åkesson, Linnéa
Bergström, Britt
Nilsson, Charlotta
Engström, William
Karlsson, Anneli
Lindholm, Julia
Löfgren, Lilly
Eklund, Inger
Bergqvist, Olle
Lindholm, Ulf
Danielsson, Linus
Jakobsson, Karl
Magnusson, Alice
Svensson, William
Pettersson, Mattias
Magnusson, Dan
Jönsson, Ludvig
Ström, Isak
Andreasson, Wilhelm
Mohamed, Isak
Claesson, Anette
Persson, Ulla
Eklund, Rolf
Nordin, Andreas
Fransson, Susanne
Öberg, Viola
Olofsson, Kjell
Magnusson, Jonathan
Månsson, Linus
Gunnarsson, Jonathan
Åberg, Klara
Löfgren, Elisabeth
Forsberg, Tobias
Holmberg, Anita
Ekström, Leif
Berggren, Rickard
Wallin, Torbjörn
Mohamed, Lars
Martinsson, Ulla
Holm, Jörgen
Isaksson, Jan
Mohamed, Rune
Henriksson, Robert
Axelsson, Dan
Hassan, Patrik
Lindberg, Mikael
Claesson, Anita
Bergström, Ella
Nyberg, Julia
Andreasson, Karolina
Lindström, Axel
Sundberg, Elias
Eliasson, Oskar
Johansson, Joel
Blomqvist, Kristina
Bergström, Gösta
Ström, Jacob
Dahlberg, Susanne
Sandström, Mohamed
Ek, Joel
Holm, Jan
Lundström, Dan
Mohamed, Liam
Ek, Rebecca
Andreasson, Jacob
Åberg, Pia
Mattsson, Oskar
Lindqvist, Roger
Norberg, Viktoria
Holmgren, Oscar
Lundgren, Agnes
Holm, Tommy
Wallin, Lars
Öberg, Margareta
Nordin, Viktor
Hansen, Jacob
Björklund, Erika
Mohamed, Malin
Wikström, Emma
Lindberg, Linnéa
Eriksson, Lina
Lindqvist, Gunilla
Eriksson, Märta
Eliasson, Astrid
Åkesson, Erik
Dahl, Agneta
Mohamed, Sandra
Abrahamsson, Anders
Dahl, Ida
Söderberg, Märta
Sundberg, Louise
Johansson, Irene
Fredriksson, Helen
Andreasson, Pia
Hellström, Robin
Jansson, Per
Martinsson, Sandra
Claesson, Sofie
Hassan, Emilia
Eklund, Ludvig
Viklund, Tobias
Jonsson, Emil
Jakobsson, Rebecca
Olofsson, Alexandra
Nilsson, Mohammad
Nyström, Olivia
Fransson, Ann
Eriksson, Olivia
Bergqvist, Camilla
Axelsson, Stefan
Olsson, Håkan
Blom, Agnes
Lundqvist, Isak
Jonsson, Charlotta
Lindgren, Nils
Gustafsson, Jenny
Blom, Charlotte
Hansen, Oliver
Norberg, Helen
Martinsson, Charlotte
Bengtsson, Lucas
Pettersson, Isabelle
Åkesson, Adam
Lund, Robin
Fredriksson, Kerstin
Hermansson, Marianne
Svensson, Kevin
Holm, Isabelle
Wikström, Marianne
Lundström, Stefan
Engström, Olivia
Löfgren, Anders
Forsberg, Viola
Engström, Matilda
Forsberg, Åke
Hansen, Marianne
Jansson, Johanna
Lindqvist, Johanna
Nordin, Inga
Öberg, Pernilla
Dahlberg, Marie
Lindqvist, Märta
Persson, Mona
Ekström, Lennart
Ek, Johan
Jansson, Åke
Holmqvist, Jessica
Lindström, Christian
Lundqvist, Victoria
Ek, Marcus
Berg, Inga
Holmgren, Jakob
Lundström, Kristin
Abrahamsson, Matilda
Forsberg, Kerstin
Bergström, Madeleine
Wallin, Samuel
Olsson, Cecilia
Åkesson, Nina
Karlsson, Erik
Nordin, Linus
Engström, Bertil
Wikström, Christina
Håkansson, Lisa
Söderberg, Eva
Lind, Ella
Åkesson, Elias
Persson, Ludvig
Löfgren, Ellinor
Norberg, Irene
Nordström, Magnus
Blom, Johan
Gustafsson, Sven
Dahl, Sonja
Lindberg, Matilda
Nilsson, Kerstin
Samuelsson, Helena
Holmberg, Lucas
Lindqvist, Charlotta
Hassan, Louise
Forsberg, Kent
Lindström, Hans
Lindström, Annika
Olsson, Berit
Wallin, Gabriel
Fredriksson, Linnéa
Lindgren, Ella
Fransson, Wilma
Strömberg, Sara
Holm, Lina
Gunnarsson, Ebba
Lundgren, Sonja
Karlsson, Anders
Lundgren, Jonas
Martinsson, Susanne
Fransson, Jenny
Andersson, Malin
Johansson, Wilhelm
Ahmed, Olivia
Hansson, Linda
Gustafsson, Alexander
Pettersson, Therese
Jönsson, Rut
Berggren, Kevin
Nordström, Åsa
Lindgren, Hugo
Persson, Barbro
Viklund, Åsa
Fredriksson, Jesper
Jonsson, Yvonne
Pettersson, Rasmus
Holmgren, Karolina
Eliasson, Roger
Henriksson, Åke
Samuelsson, Amanda
Lindberg, Emilia
Wikström, Elsa
Söderberg, Joel
Fredriksson, Simon
Ali, Anton
Åberg, Roger
Axelsson, Emelie
Hansson, Kjell
Claesson, Josef
Olofsson, Wilma
Hansson, Mohammad
Nyström, Marcus
Sjögren, Pia
Lundström, Helena
Ekström, Axel
Lind, Per
Nyberg, Pontus
Lindström, Felix
Nordin, Joel
Claesson, Carina
Eliasson, Gabriel
Sandberg, Charlotte
Eliasson, Emilia
Lindholm, Jessica
Isaksson, Jan
Jansson, Georg
Wikström, Ingvar
Åberg, Fredrik
Lundqvist, Dennis
Mattsson, Alma
Andersson, Mohamed
Fransson, Isak
Holm, Maj
Löfgren, Alma
Mårtensson, John
Lundberg, Sofie
Mohamed, Jimmy
Björklund, Barbro
Danielsson, Kristina
Ali, Christian
Nilsson, Christian
Holmberg, Sonja
Jansson, Ebba
Hellström, Kevin
Engström, Dan
Hansen, Lovisa
Pålsson, Isabelle
Jonsson, Therese
Sandström, Ann
Lundin, Felix
Henriksson, Mikaela
Ström, Kenneth
Magnusson, Ebba
Blom, Kent
Holm, Susanne
Jansson, Robert
Mattsson, Oliver
Lundqvist, Wilhelm
Lindberg, Stig
Bergman, Pia
Gunnarsson, Nils
Eliasson, Gösta
Fredriksson, Charlotte
Claesson, Malin
Andreasson, Mona
Berglund, Håkan
Ali, Edvin
Nyberg, Edvin
Andersson, Jimmy
Ström, Elisabeth
Holmgren, Gabriel
Söderberg, Johannes
Larsson, Robin
Sjögren, Frida
Hedlund, Bengt
Mohamed, Birgitta
Berg, Erika
Månsson, Linus
Samuelsson, Mats
Lindholm, Robin
Lundin, Camilla
Pålsson, Hanna
Månsson, Camilla
Wallin, William
Åkesson, Hans
Jönsson, Oscar
Jönsson, Gabriel
Pålsson, Mona
Sjögren, Sebastian
Öberg, Johannes
Holm, Torbjörn
Svensson, Isak
Martinsson, Tommy
Norberg, Mohammad
Fransson, Viktor
Holmqvist, Axel
Johansson, Jörgen
Hassan, Frida
Hansson, Pontus
Nyström, Ellinor
Ström, Jessica
Lundqvist, Felicia
Hermansson, Elisabeth
Henriksson, Leif
Ek, Wilma
Axelsson, Joel
Berg, Peter
Håkansson, Viktoria
Nilsson, Sofia
Åkesson, Felix
Bengtsson, Cecilia
Gunnarsson, Frida
Fransson, Anneli
Bergman, Lina
Berglund, Daniel
Mårtensson, Stefan
Månsson, Sofia
Olsson, Henrik
Månsson, Karolina
Arvidsson, Håkan
Isaksson, Johan
Lindberg, Mikaela
Holm, Katarina
Wallin, Leif
Jansson, Georg
Eliasson, Christoffer
Engström, Per
Claesson, Maja
Olofsson, Helena
Martinsson, Inga
Håkansson, Håkan
Falk, Åsa
Pettersson, Ingemar
Andreasson, Astrid
Holmberg, Johannes
Nilsson, Karin
Blomqvist, John
Dahl, Yvonne
Bergqvist, Moa
Strömberg, Sofia
Holmgren, Johannes
Ek, Gunnar
Jonsson, Felix
Ek, Lilly
Åkesson, Anita
Viklund, Ludvig
Jönsson, Jonathan
Bergman, Kristina
Holmberg, Dennis
Viklund, Kerstin
Lindholm, Åsa
Hassan, Nils
Olofsson, Linn
Johansson, Lennart
Viklund, Ludvig
Hassan, Karin
Berggren, Lilly
Hedlund, Gabriel
Engström, Sandra
Lindholm, Isabelle
Nyström, Thomas
Lindgren, Stig
Strömberg, Martin
Samuelsson, Kent
Nilsson, Ulla
Ali, Ann
Falk, Emilia
Berggren, Mikael
Lindström, Lina
Lindström, Johanna
Söderberg, Lisa
Abrahamsson, Jacob
Gunnarsson, Edvin
Eriksson, Emelie
Wallin, Emanuel
Ekström, Linus
Nyström, Ida
Sjögren, Sara
Hedlund, Annika
Berg, Inga
Samuelsson, Barbro
Jansson, Kjell
Martinsson, Gun
Falk, Filip
Jonsson, Ali
Ek, Rune
Samuelsson, Stig
Henriksson, Rune
Hermansson, Jacob
Fredriksson, Rut
Åberg, Daniel
Hedlund, Carina
Arvidsson, Karl
Åberg, Ulrika
Wallin, Hanna
Holmgren, Gun
Berglund, Amanda
Strömberg, Maja
Hedlund, Astrid
Åkesson, Niklas
Hellström, Adam
Holmqvist, Kent
Gunnarsson, Charlotta
Berglund, Pontus
Lundström, Andreas
Olofsson, Jörgen
Lindström, Rickard
Bengtsson, Nina
Dahlberg, Camilla
Henriksson, Andreas
Eklund, Nathalie
Jonsson, Jimmy
Lindqvist, Barbro
Mattsson, Alva
Söderberg, Per
Månsson, Margareta
Bergqvist, Siv
Söderberg, Rebecca
Holmqvist, Gösta
Blom, Madeleine
Claesson, Alma
Fransson, Gustav
Bengtsson, Margareta
Fredriksson, Pernilla
Danielsson, Karolina
Björk, Marie
Hansson, Ellen
Öberg, Gunnar
Engström, Lena
Löfgren, Emil
Gunnarsson, Torbjörn
Samuelsson, Marcus
Isaksson, Camilla
Hedlund, Johnny
Löfgren, Olof
Lundin, Wilma
Bergman, Åsa
Martinsson, Ludvig
Svensson, Therese
Sjögren, Kenneth
Blom, Helena
Ekström, Anders
Blomqvist, Jakob
Lundin, Emelie
Hermansson, Kurt
Larsson, Ingemar
Larsson, Mattias
Fransson, Anna
Svensson, Ida
Larsson, Nina
Axelsson, Ingegerd
Holmberg, Kurt
Håkansson, Elin
Lindgren, Jonathan
Fredriksson, Agnes
Nyberg, Emelie
Bergqvist, Sebastian
Abrahamsson, Isabelle
Eriksson, Christian
Lundqvist, Karin
Larsson, Johnny
Öberg, Rut
Martinsson, Fredrik
Berglund, Hugo
Olsson, Jan
Danielsson, Margareta
Ekström, Roland
Dahl, Rasmus
Björk, Mona
Lindström, Anna
Norberg, Ida
Nyberg, Jesper
Sjöberg, Karolina
Bergman, Åke
Samuelsson, Olle
Bengtsson, Jakob
Bengtsson, Helena
Hedlund, Therese
Johansson, Saga
Björklund, Elias
Magnusson, Ulf
Johansson, Dennis
Mattsson, Linn
Nyström, Anton
Falk, Lennart
Lind, Alma
Åberg, Rune
Bergman, John
Bengtsson, Birgitta
Ali, Yvonne
Eliasson, Joakim
Hansson, Alice
Sjöberg, Emanuel
Pettersson, Margareta
Ahmed, Jacob
Dahlberg, Saga
Löfgren, Ebba
Larsson, Birgitta
Sandberg, Kevin
Eriksson, Emilia
Jansson, Kristina
Mattsson, Maria
Nordin, Liam
Norberg, Frida
Nordin, Jörgen
Gunnarsson, Emilia
Sjögren, Klara
Lindholm, Torbjörn
Holmgren, Josef
Dahl, Susanne
Lundgren, Britt
Holm, Mats
Abrahamsson, Ali
Holmgren, Ludvig
Larsson, Gunnar
Lindström, Mona
Martinsson, Birgitta
Olsson, Rolf
Berglund, Eva
Andreasson, Frida
Nordström, Frida
Eklund, Samuel
Bengtsson, Kent
Dahlberg, Gabriel
Holm, Gun
Holm, Charlotte
Blomqvist, Alexander
Gunnarsson, Nils
Bergman, Felix
Hassan, Ulla
Jakobsson, Gösta
Martinsson, Roger
Sjögren, Ingemar
Martinsson, Rolf
Sandberg, Louise
Sandberg, Wilma
Abrahamsson, Pia
Björk, Gunnar
Lundgren, Monica
Lundström, Jenny
Dahlberg, Monica
Andersson, Ulf
Ali, Henrik
Olsson, Karl
Blomqvist, Christina
Håkansson, Ingrid
Eriksson, Simon
Jonsson, Kjell
Ek, Rickard
Olsson, Christian
Samuelsson, Ingemar
Bergström, Olof
Martinsson, Josef
Eliasson, Anders
Viklund, Viktor
Dahlberg, Charlotta
Martinsson, Lovisa
Axelsson, Henrik
Björk, Christina
Löfgren, Lisa
Eliasson, Ellinor
Holm, Sara
Pettersson, Isabelle
Holm, Ann
Wikström, Hans
Holm, Kenneth
Fransson, Kurt
Axelsson, Magnus
Sjögren, Rickard
Öberg, Pontus
Lindström, Carina
Falk, Mats
Berglund, Elias
Nyberg, Rickard
Hansen, Kevin
Berglund, Hugo
Holm, Andreas
Olofsson, Fredrik
Holm, Lucas
Norberg, Johan
Åberg, Fredrik
Lindqvist, Sofia
Gunnarsson, Olivia
Sandström, Ludvig
Håkansson, Maj
Pettersson, Ulrika
Dahl, Ellen
Axelsson, Emil
Lund, Kerstin
Löfgren, Josef
Holmgren, Alice
Lindberg, Britt
Hansson, Per
Holmqvist, Kerstin
Gustafsson, Elsa
Lindholm, Alexander
Wikström, Isak
Månsson, Håkan
Ström, Anders
Nordin, Mikael
Andersson, Barbro
Sundberg, Sofia
Wallin, Anette
Lindberg, Lennart
Berggren, Rickard
Björklund, Berit
Ek, Wilhelm
Hassan, Gunilla
Jonsson, Johnny
Sundberg, Märta
Magnusson, Elisabeth
Hermansson, Alma
Wikström, Oskar
Sandström, Marianne
Jonsson, Linus
Lundqvist, Lina
Magnusson, Olivia
Lindberg, Camilla
Danielsson, Jonathan
Wallin, Albin
Viklund, Peter
Lundin, Gunilla
Ekström, Gun
Arvidsson, Per
Svensson, Elin
Johansson, Magnus
Pettersson, Fredrik
Hermansson, Berit
Andersson, Alma
Nordström, Kent
Ahmed, Kerstin
Blomqvist, Niklas
Magnusson, Elisabeth
Karlsson, Märta
Lindberg, Sandra
Håkansson, Elsa
Sjöberg, Anette
Sundberg, Alice
Dahlberg, Karl
Persson, Viktoria
Eliasson, Ellen
Magnusson, Ann
Wallin, Linn
Hermansson, Mikaela
Sundberg, Gustav
Wikström, Elisabeth
Sandberg, Erika
Svensson, Victoria
Bergman, Lucas
Håkansson, Jesper
Björklund, Mattias
Lindberg, Erika
Ali, Mohammad
Danielsson, Oskar
Ekström, Lisa
Eklund, Edvin
Sandström, Ulla
Berggren, Kenneth
Nilsson, Birgitta
Nyström, Rut
Söderberg, Agnes
Lindqvist, Elin
Löfgren, Christoffer
Sjögren, Oskar
Persson, Josef
Åberg, Olivia
Lindholm, Kristin
Lundström, Tommy
Johansson, Magnus
Ek, Jakob
Jönsson, Caroline
Lundberg, Erika
Norberg, Agneta
Bergqvist, Amanda
Sandberg, Max
Hellström, Hanna
Arvidsson, Elias
Nordström, Inger
Lindgren, Lina
Fredriksson, Olivia
Hermansson, Johannes
Gustafsson, Sandra
Sjöberg, Rebecca
Strömberg, Bengt
Claesson, Astrid
Lund, Åsa
Lindgren, Maria
Bergman, Caroline
Söderberg, Stig
Isaksson, Emanuel
Jansson, Sonja
Ström, Maria
Henriksson, Joakim
Wallin, Rebecca
Engström, Karl
Axelsson, Viktoria
Lindgren, Ann
Åberg, Margareta
Lundberg, Kristin
Hedlund, Robert
Larsson, Isak
Hansson, Rune
Larsson, Albin
Wikström, Frida
Söderberg, Gunilla
Axelsson, Kerstin
Sandström, Helen
Eliasson, Linda
Abrahamsson, Kevin
Mårtensson, Daniel
Björklund, Mohamed
Hansson, Christoffer
Gustafsson, Kristin
Åberg, Gösta
Wikström, Cecilia
Öberg, Linn
Jönsson, Daniel
Bergman, Henrik
Åberg, Johan
Löfgren, Olivia
Sundberg, Mikaela
Ek, Liam
Dahlberg, Susanne
Hassan, Therese
Lundgren, Ulf
Jansson, Mohammad
Nordin, Viola
Lindqvist, Viola
Sandberg, Jenny
Ekström, Kristin
Berggren, Ingvar
Blomqvist, Ulla
Hansen, Hans
Hermansson, Karl
Eriksson, Lucas
Hermansson, Christoffer
Björk, Charlotta
Bergström, Marcus
Danielsson, Adam
Forsberg, Karin
Blom, Martin
Björklund, Ella
Svensson, Ebba
Nyström, Susanne
Åkesson, Bertil
Hassan, Caroline
Lind, Leo
Wallin, Lina
Norberg, Jonathan
Sundberg, Jörgen
Lundqvist, Kenneth
Mårtensson, Kerstin
Holm, Linus
Jonsson, Georg
Hermansson, Victoria
Abrahamsson, Christoffer
Pettersson, Karl
Andersson, Daniel
Eklund, Simon
Hansson, Mohamed
Henriksson, Emilia
Lundin, Kent
Falk, Marianne
Engström, Viola
Eklund, Sofia
Berg, Siv
Claesson, Jimmy
Persson, Carina
Öberg, Joel
Lundin, Sofie
Bergman, Rebecca
Lindberg, Ulrika
Claesson, Camilla
Mohamed, Dan
Lindholm, Georg
Eliasson, Oskar
Nordström, Leo
Söderberg, Jesper
Lundberg, Ellinor
Sjöberg, Erik
Persson, Patrik
Hedlund, Kurt
Lundgren, Max
Hansen, Therese
Eliasson, Ingemar
Dahl, Kent
Forsberg, Elsa
Arvidsson, Leif
Lindqvist, Jörgen
Hansen, Irene
Holm, Viktoria
Andreasson, Madeleine
Ali, Isabelle
Nyberg, Albin
Dahlberg, Ida
Ström, Eva
Johansson, Ove
Mohamed, Simon
Öberg, Victoria
Strömberg, Sara
Danielsson, Inga
Samuelsson, Viktor
Andreasson, Roger
Sundberg, Klara
Strömberg, Charlotta
Blomqvist, Filip
Åkesson, Joel
Månsson, Oscar
Engström, Max
Olsson, Bengt
Ali, Edvin
Fredriksson, Pontus
Lindholm, Victoria
Nyström, Elisabeth
Eliasson, Ingegerd
Olofsson, Daniel
Karlsson, Anton
Nordin, Ellinor
Lund, Berit
Viklund, Sven
Mohamed, Robin
Sandberg, Margareta
Söderberg, Bertil
Ström, Torbjörn
Blomqvist, Alva
Jönsson, Linda
Jönsson, Max
Holmgren, Yvonne
Holmqvist, Linda
Sjögren, Gunilla
Henriksson, Erik
Hansson, Sebastian
Lundberg, Julia
Andersson, Ulrika
Hermansson, Peter
Lindholm, Alice
Lindholm, Lena
Lundqvist, Tobias
Arvidsson, Rebecca
Ström, Åke
Mårtensson, Annika
Arvidsson, Jörgen
Löfgren, Mikaela
Andreasson, Lucas
Henriksson, Nathalie
Jansson, Kurt
Wallin, Mattias
Jakobsson, Agneta
Samuelsson, Ida
Dahlberg, Ann
Blomqvist, Nina
Dahl, Anita
Persson, Pontus
Lindberg, Lucas
Eriksson, Thomas
Lindholm, Rolf
Gustafsson, Ingegerd
Karlsson, Gustav
Lindgren, Ellen
Axelsson, Stefan
Olsson, Charlotte
Engström, Oskar
Svensson, Henrik
Bergqvist, Pia
Lindberg, Hanna
Hellström, Anette
Viklund, Ingvar
Lind, Anna
Hermansson, Karl
Sjögren, Agnes
Engström, Nina
Björklund, Ida
Mohamed, Samuel
Viklund, Alva
Olsson, Victoria
Mårtensson, Maj
Bergman, Anna
Larsson, Nils
Sandström, Oscar
Bergqvist, Erik
Andreasson, Johan
Holmqvist, Johannes
Fredriksson, Hans
Gustafsson, Sonja
Björklund, Birgitta
Berggren, Wilma
Abrahamsson, Jonas
Sandberg, Åsa
Isaksson, Tobias
Viklund, Olof
Berglund, Britt
Forsberg, Mohammad
Strömberg, Christer
Hellström, Dan
Öberg, Julia
Berggren, Robin
Berggren, Eva
Bengtsson, Lucas
Jansson, Christian
Holmqvist, Åke
Bergqvist, Christian
Ström, Linnéa
Nilsson, Ludvig
Löfgren, Jenny
Johansson, Sandra
Lundqvist, Leif
Holmqvist, Charlotte
Hassan, Linn
Samuelsson, Linda
Nyberg, Ella
Lund, Ali
Dahlberg, Joakim
Andreasson, Charlotta
Bengtsson, Rolf
Viklund, Kurt
Lundgren, Kristina
Nilsson, Josefin
Dahl, Madeleine
Berglund, Joakim
Persson, Ingemar
Hellström, Rasmus
Blom, Ali
Sjögren, Anna
Holmberg, Gabriel
Nilsson, Åsa
Björklund, Sofia
Falk, Inger
Gustafsson, Matilda
Viklund, Åsa
Lundberg, Malin
Nordin, Gunilla
Eklund, Joakim
Sandberg, Kenneth
Åkesson, Håkan
Berggren, Mohamed
Åkesson, Jenny
Åberg, Liam
Hedlund, William
Lund, Oliver
Pålsson, Jesper
Björklund, Kerstin
Nyström, Nathalie
Ali, Wilma
Åkesson, Ellen
Löfgren, Viktoria
Åberg, Kristin
Jakobsson, Gun
Pettersson, Anneli
Fransson, Sofia
Norberg, Viola
Svensson, Göran
Lind, Jan
Bergqvist, Emanuel
Henriksson, Kjell
Sandberg, Ingemar
Pålsson, Anders
Söderberg, Ingegerd
Strömberg, Nils
Persson, Sara
Ekström, Ingrid
Mattsson, Samuel
Hellström, Nathalie
Forsberg, Johnny
Ali, Britt
Lindholm, Stig
Holmberg, Samuel
Strömberg, Gösta
Bergström, Rasmus
Jakobsson, Ann
Andreasson, Ingegerd
Pettersson, Marcus
Hedlund, Viktoria
Sjöberg, Carina
Eriksson, Viktor
Berglund, Oliver
Fransson, William
Falk, Josefin
Mattsson, Caroline
Arvidsson, Åke
Bergman, Anneli
Karlsson, Bertil
Pettersson, Erik
Axelsson, Wilma
Nyberg, Ove
Hansson, Yvonne
Johansson, Georg
Nordin, Eva
Olsson, Kristina
Jönsson, Jakob
Lindström, Marie
Bergman, Liam
Gustafsson, Gunilla
Dahlberg, Torbjörn
Axelsson, Charlotta
Holm, Niklas
Karlsson, Emil
Håkansson, Patrik
Sjöberg, Kjell
Olsson, Gustav
Dahl, Filip
Jakobsson, Emilia
Mattsson, Victoria
Berg, Olle
Isaksson, Ingemar
Lund, Lina
Gustafsson, Sven
Nyström, Elin
Holm, Rickard
Forsberg, Lena
Månsson, Sofia
Dahlberg, Sofia
Sjöberg, Axel
Abrahamsson, Adam
Lundberg, Marie
Lundin, Ali
Eklund, Alice
Martinsson, Yvonne
Magnusson, Ulf
Björk, Helena
Holmberg, Emma
Wikström, Bertil
Nyberg, Gun
Danielsson, Dan
Olofsson, Birgitta
Sandberg, Inger
Eliasson, Mikaela
Bergström, Johan
Danielsson, Ebba
Samuelsson, Mohammad
Pålsson, Dennis
Holmberg, Jonas
Lindström, Lucas
Wallin, Christoffer
Hellström, Emma
Norberg, Filip
Sjöberg, Mats
Magnusson, Charlotta
Andreasson, Jakob
Bergström, Caroline
Gustafsson, Gustav
Hassan, Lennart
Berggren, Olof
Lindström, Berit
Håkansson, Ellen
Sjöberg, Samuel
Wikström, Axel
Hellström, Moa
Henriksson, Simon
Magnusson, Susanne
Lundström, Adam
Lundström, Ellen
Gustafsson, Adam
Bergqvist, Lisa
Holmberg, Wilma
Bergqvist, Johan
Norberg, Wilhelm
Larsson, Mats
Sjögren, Lennart
Gustafsson, Viktoria
Hansson, Britt
Berglund, Viola
Hellström, Elisabeth
Nordström, Josef
Bergström, Mikaela
Holmqvist, Pontus
Holmberg, Emanuel
Sandberg, Alma
Berg, Matilda
Nilsson, Margareta
Sandberg, Monica
Lund, Saga
Isaksson, Lennart
Holmgren, Ida
Lundin, Max
Mattsson, Emanuel
Mårtensson, Anita
Wikström, Ludvig
Håkansson, Frida
Holmgren, Andreas
Norberg, Georg
Lind, Albin
Nordin, Marianne
Månsson, Karl
Olsson, Frida
Bergström, Johannes
Holmqvist, Georg
Eklund, Margareta
Persson, Erika
Ahmed, Mattias
Hansson, Filip
Björk, Therese
Jonsson, Tommy
Åkesson, Hans
Berglund, Sven
Fredriksson, Lina
Berggren, Johan
Ekström, Karin
Andreasson, Roland
Fransson, Anna
Johansson, Peter
Axelsson, Irene
Persson, Ingegerd
Wallin, Johan
Nilsson, Rebecca
Norberg, Ingegerd
Nordström, Madeleine
Martinsson, Pontus
Nordström, Jonas
Blomqvist, Axel
Eriksson, Kenneth
Abrahamsson, Viola
Blom, Viktoria
Forsberg, Felix
Larsson, Max
Arvidsson, Joel
Sjöberg, Gösta
Martinsson, Tobias
Hedlund, Ella
Lundgren, Christina
Bengtsson, Marie
Engström, Gösta
Lindqvist, Pernilla
Persson, Frida
Viklund, Samuel
Holm, Rebecca
Claesson, Jenny
Hellström, Robert
Holm, Gösta
Löfgren, Andreas
Ali, Filip
Mohamed, Lena
Lundin, Klara
Engström, Emil
Abrahamsson, Anneli
Pålsson, Sandra
Löfgren, Åsa
Johansson, Kristin
Jonsson, John
Lundberg, Pontus
Eklund, Tobias
Sundberg, Stefan
Hermansson, Felicia
Lindholm, Kevin
Dahl, Emilia
Berg, Helena
Arvidsson, Anneli
Wikström, Sven
Berg, Pia
Nyström, Ove
Henriksson, Lovisa
Berg, Martin
Axelsson, Amanda
Danielsson, Ebba
Svensson, Ebba
Hansen, Gunnar
Eliasson, Oscar
Abrahamsson, Lena
Andersson, Anton
Viklund, Emma
Nordin, Christian
Blom, Dennis
Jonsson, Jacob
Svensson, Barbro
Lundström, Nina
Persson, Ingemar
Arvidsson, Klara
Viklund, Ella
Nordström, Dennis
Nyberg, Elsa
Nyström, Mona
Norberg, Madeleine
Abrahamsson, Filip
Hellström, Åke
Månsson, Rasmus
Månsson, Christian
Lindström, Sofia
Pålsson, Peter
Lind, Gabriel
Hermansson, Josef
Holmqvist, Ebba
Karlsson, Jakob
Dahl, Nathalie
Hansen, Kristin
Engström, Mohammad
Ahmed, Kent
Forsberg, Jacob
Pettersson, Linn
Mårtensson, Britt
Björklund, Agneta
Johansson, Marianne
Strömberg, Mohammad
Norberg, Johannes
Söderberg, Helena
Hansen, Rut
Ahmed, Maj
Hedlund, Ove
Hansson, Åsa
Ahmed, Linn
Viklund, Klara
Ekström, Johannes
Axelsson, Martin
Holmgren, Per
Lund, Maj
Lund, Alexandra
Lundqvist, Alma
Lundgren, Robin
Claesson, Roger
Eriksson, Kristin
Lundgren, Lovisa
Claesson, Christer
Nilsson, Dan
Mårtensson, Kerstin
Sandberg, Sonja
Lind, Birgitta
Claesson, Helen
Lundin, Stig
Mohamed, Gabriel
Viklund, Christina
Lundqvist, Ebba
Persson, Olle
Holm, Caroline
Lindström, Lilly
Bengtsson, Margareta
Nyberg, Mohamed
Mattsson, Emilia
Viklund, Marianne
Fransson, Inga
Bergman, Anette
Nyström, Fredrik
Berggren, Karin
Ali, Malin
Gustafsson, Nina
Jönsson, Johnny
Mattsson, Kent
Sundberg, Susanne
Berglund, Alva
Andreasson, Oliver
Jakobsson, Roger
Nordström, Rune
Fredriksson, Yvonne
Hermansson, Alva
Bergström, Inga
Lundström, Katarina
Hansson, Johan
Mattsson, Alma
Björklund, Jenny
Hellström, Ingrid
Holmgren, Simon
Henriksson, Irene
Arvidsson, Ove
Eklund, Nils
Hansen, Jonas
Engström, Charlotte
Andersson, Leo
Öberg, Olof
Henriksson, Jesper
Berglund, Johanna
Falk, Carina
Magnusson, Astrid
Forsberg, Josefin
Åberg, Anneli
Ström, Linus
Berggren, Yvonne
Gunnarsson, Saga
Jonsson, Nina
Sundberg, Ida
Nordström, Sven
Lind, Johannes
Karlsson, Yvonne
Lindberg, Gunilla
Arvidsson, Nils
Hansen, Mohamed
Bergqvist, Linda
Månsson, Gösta
Lindström, Karin
Ahmed, Katarina
Fransson, Elin
Lundström, Therese
Gunnarsson, Olle
Viklund, Johnny
Dahlberg, Jörgen
Danielsson, Irene
Löfgren, Oskar
Holmqvist, Katarina
Lind, Max
Forsberg, Axel
Mohamed, Maria
Johansson, Lovisa
Åkesson, Jacob
Lundgren, Charlotta
Axelsson, Johanna
Nordin, Charlotta
Bengtsson, Magnus
Lundin, Lars
Berglund, Linus
Hassan, Amanda
Eklund, Marie
Claesson, Dennis
Ali, Amanda
Jonsson, Linnéa
Nyberg, Christer
Karlsson, Lilly
Hassan, Joel
Hassan, Gunilla
Ali, Kevin
Berggren, Charlotta
Henriksson, Alva
Lindberg, Mats
Bengtsson, Jakob
Holmgren, Karin
Blomqvist, Ingrid
Olofsson, Filip
Öberg, Thomas
Holmgren, Lovisa
Löfgren, Leif
Holmqvist, Fredrik
Henriksson, Frida
Hansson, Pontus
Fredriksson, Jörgen
Lundin, Anna
Hassan, Kristin
Sjöberg, Göran
Bergqvist, Louise
Eklund, Sonja
Söderberg, Erika
Bergman, Alice
Lindström, Erika
Hassan, Jonas
Gustafsson, Siv
Fredriksson, Ulla
Fredriksson, Cecilia
Hermansson, Lina
Jönsson, Nina
Eliasson, Anneli
Bengtsson, Pernilla
Jakobsson, Malin
Andersson, Linus
Blom, Peter
Gunnarsson, Anette
Bergman, Klara
Fredriksson, Mohammad
Strömberg, Robert
Karlsson, Patrik
Månsson, Linn
Isaksson, Rebecca
Mattsson, Simon
Berglund, Karolina
Ström, Robin
Wallin, Alva
Jonsson, Göran
Hansen, Gun
Lundgren, Josef
Norberg, Karin
Dahl, Cecilia
Sandberg, Göran
Dahlberg, Lovisa
Viklund, Tobias
Bengtsson, Helen
Eklund, Fredrik
Dahl, Oliver
Nyström, Annika
Mattsson, Andreas
Nyström, Göran
Hellström, Inga
Lundgren, Ove
Johansson, Rut
Persson, Linn
Nilsson, Dan
Holmberg, Linnéa
Dahlberg, Pia
Sjögren, Daniel
Ström, Gabriel
Johansson, Stefan
Nilsson, Anton
Wallin, Irene
Nyberg, Lilly
Hermansson, Yvonne
Eriksson, Moa
Mattsson, Ella
Forsberg, Kenneth
Nyström, Emil
Ström, Sofie
Axelsson, Alice
Åkesson, Josefin
Jonsson, Åsa
Bergqvist, Mohamed
Sjögren, Josefin
Andreasson, Lina
Lundin, Gösta
Söderberg, Nina
Lundqvist, Jesper
Viklund, Jan
Eriksson, Olof
Björk, Max
Bengtsson, Agneta
Lundström, Christina
Nordström, Erik
Arvidsson, Margareta
Sandström, Magnus
Bergman, Agnes
Lindholm, Robert
Lindgren, Marie
Lundgren, Henrik
Olsson, Olof
Ali, Jan
Claesson, Pia
Fredriksson, Rolf
Lundberg, Alva
Åkesson, Roland
Jakobsson, Johanna
Lindgren, Rebecca
Hellström, Bertil
Lindqvist, Rolf
Håkansson, Linn
Fredriksson, Filip
Ström, Lennart
Nordström, Felicia
Mårtensson, Mats
Hedlund, Rickard
Wallin, Wilhelm
Claesson, Anton
Lindström, Johnny
Claesson, Jenny
Mattsson, Linda
Larsson, Viktor
Holmqvist, Ingemar
Andreasson, Caroline
Hellström, Oscar
Ekström, Kevin
Jönsson, Georg
Lundqvist, Maja
Ekström, Samuel
Blom, John
Abrahamsson, Roland
Isaksson, Patrik
Söderberg, Oliver
Bergman, Max
Danielsson, Gunilla
Ek, Magnus
Martinsson, Astrid
Lundgren, Rut
Samuelsson, Jacob
Gunnarsson, William
Hansson, Monica
Danielsson, Emilia
Nordin, Viola
Dahl, Josef
Öberg, Ellinor
Åberg, Lisa
Hellström, Christer
Pettersson, Anita
Jakobsson, Linda
Magnusson, Anton
Berggren, Niklas
Dahl, Bertil
Lundgren, Saga
Isaksson, Yvonne
Holmqvist, Ingvar
Wikström, John
Berglund, Amanda
Bergqvist, Alva
Sundberg, Matilda
Arvidsson, John
Wallin, Moa
Bergström, Katarina
Hermansson, Elisabeth
Lundgren, Kevin
Dahl, Niklas
Lindström, Oskar
Sundberg, Ali
Persson, Axel
Björklund, Cecilia
Sjöberg, Ingrid
Nyberg, Therese
Holmqvist, Jan
Jakobsson, Liam
Lindberg, Emil
Söderberg, Ingegerd
Jönsson, Leo
Lund, Olof
Ström, Tobias
Dahlberg, Anette
Sandström, Pia
Lind, Emelie
Lindström, Yvonne
Lindqvist, Birgitta
Åkesson, Emilia
Engström, Christina
Forsberg, Rune
Falk, Ann
Arvidsson, Alva
Gunnarsson, Simon
Ek, Marianne
Engström, Gunnar
Andreasson, Tommy
Nyberg, Stefan
Olofsson, Rolf
Blomqvist, Olof
Gustafsson, Niklas
Lundin, Karin
Fransson, Julia
Nyström, Mohamed
Åberg, Lars
Andersson, Niklas
Isaksson, Liam
Eliasson, Saga
Mohamed, Roger
Lindberg, Rickard
Dahlberg, Märta
Persson, Dennis
Eriksson, Kjell
Björklund, Lisa
Andersson, Christina
Lindgren, Yvonne
Pettersson, Roland
Fredriksson, Mats
Abrahamsson, Märta
Pålsson, Joakim
Pålsson, Marianne
Karlsson, Ingvar
Jönsson, Olle
Andreasson, Elsa
Nordin, Linda
Norberg, Felicia
Larsson, Samuel
Åkesson, Yvonne
Lundberg, Hanna
Jansson, Madeleine
Fransson, Christoffer
Bengtsson, Maj
Lundin, Ingemar
Persson, Simon
Mårtensson, Lars
Pettersson, Emelie
Öberg, Fredrik
Svensson, Ebba
Öberg, Håkan
Eriksson, Christina
Berglund, Alva
Lundgren, Erik
Holmgren, Nils
Håkansson, Gunilla
Bengtsson, Emil
Eliasson, Hanna
Lund, Ann
Sjögren, Gabriel
Jönsson, Joakim
Arvidsson, Tobias
Fredriksson, Viola
Karlsson, Sonja
Gunnarsson, Kerstin
Blom, Emil
Holmqvist, Matilda
Axelsson, Tommy
Jönsson, Joel
Hedlund, Astrid
Fransson, Maja
Nyström, Lennart
Danielsson, Robert
Hellström, Anita
Olsson, Göran
Blomqvist, Henrik
Sandström, Tobias
Åkesson, Edvin
Engström, Mohamed
Fransson, Dennis
Olofsson, Oliver
Hermansson, Dan
Lindström, Ebba
Isaksson, Barbro
Arvidsson, Jonas
Gustafsson, Rune
Danielsson, Britt
Jonsson, Emma
Larsson, Johanna
Lindholm, Annika
Nyström, Kristin
Håkansson, Ann
Blom, Inga
Mårtensson, Sara
Hansson, Ingrid
Sandström, Kristina
Arvidsson, Christian
Eklund, Liam
Månsson, Johannes
Öberg, Gunnar
Hellström, Edvin
Persson, Rebecca
Hansson, Charlotte
Lindgren, Inger
Lundgren, Emelie
Lundin, Hanna
Claesson, Håkan
Björk, Emil
Hermansson, Nina
Lundström, Frida
Björklund, Emanuel
Lindqvist, Filip
Martinsson, Roger
Olofsson, Agneta
Björklund, Rebecca
Blomqvist, Henrik
Sandström, Elin
Lundgren, Ellinor
Bergman, Oliver
Nyström, Ali
Lindholm, Lina
Magnusson, Ingrid
Gunnarsson, Lars
Ek, Mona
Mohamed, Lars
Lindholm, Kristina
Jönsson, Kent
Danielsson, Thomas
Björk, Mattias
Bergström, Monica
Karlsson, Siv
Isaksson, Karl
Karlsson, Josefin
Strömberg, Isak
Lundqvist, Susanne
Samuelsson, Wilhelm
Lindgren, Henrik
Larsson, Kevin
Sjöberg, Anita
Jönsson, Julia
Lindholm, Ingvar
Pettersson, Jonathan
Dahl, Lena
Eklund, Anneli
Jonsson, Wilma
Lundin, Elisabeth
Forsberg, Marcus
Lindgren, Johannes
Lind, Mohamed
Björklund, Britt
Henriksson, Victoria
Hellström, Siv
Forsberg, Roger
Olsson, Axel
Månsson, Thomas
Berglund, Irene
Holmberg, Madeleine
Håkansson, Ellinor
Månsson, Jörgen
Hansson, Rasmus
Sjögren, Ebba
Eklund, Mikael
Viklund, Johanna
Bergström, Siv
Ekström, Torbjörn
Björklund, Mattias
Nordin, Johan
Viklund, Eva
Sandström, Tommy
Holm, Wilhelm
Mattsson, Ulf
Lundberg, Jonas
Mårtensson, Isabelle
Lundqvist, Jonathan
Norberg, Oliver
Norberg, Marcus
Eriksson, Mona
Samuelsson, Kristin
Lindholm, Christer
Bergström, Joel
Forsberg, Kristin
Holmqvist, Andreas
Berglund, Pernilla
Håkansson, Marcus
Sandberg, Linn
Wikström, Pia
Jonsson, Alexandra
Svensson, Inga
Lundin, Lucas
Bergström, Mikael
Månsson, Anna
Åberg, William
Söderberg, Anna
Arvidsson, Robin
Mohamed, Sonja
Söderberg, Ella
Eklund, Alva
Eriksson, Annika
Isaksson, Christina
Söderberg, Carina
Åkesson, Kerstin
Jansson, Erika
Arvidsson, Emanuel
Lind, Olivia
Andersson, Victoria
Magnusson, Charlotta
Mattsson, Kjell
Svensson, Dennis
Mohamed, Matilda
Söderberg, Robin
Lindberg, Sebastian
Hermansson, Andreas
Lindqvist, Christina
Forsberg, Karin
Holmberg, Christer
Mattsson, Louise
Nyström, Maja
Mohamed, Olivia
Åberg, Ellinor
Ali, Mona
Olofsson, Lilly
Bengtsson, Nathalie
Björklund, Ove
Hansen, Leif
Lundqvist, Anders
Fredriksson, Hanna
Pettersson, Ingegerd
Andersson, Helen
Sandberg, Erika
Ström, Roland
Wikström, Lennart
Karlsson, Roland
Samuelsson, Lina
Mårtensson, Adam
Nyström, Ingegerd
Dahlberg, Sofia
Holmberg, Rolf
Ahmed, Fredrik
Fransson, Alva
Falk, Christina
Claesson, Mikaela
Lindström, Margareta
Gunnarsson, Jimmy
Falk, Anton
Andersson, Per
Sjögren, Alexander
Jansson, Bertil
Fransson, Madeleine
Hermansson, Ellen
Jakobsson, Elias
Samuelsson, Christina
Karlsson, Cecilia
Håkansson, Daniel
Pettersson, Maria
Mattsson, Cecilia
Andersson, Victoria
Jonsson, Helena
Pålsson, Nils
Sandström, Jan
Björk, Mikaela
Ali, Kenneth
Holmberg, Mona
Löfgren, Ingvar
Eliasson, Agneta
Eriksson, Magnus
Isaksson, Georg
Engström, Thomas
Fredriksson, Nils
Lindgren, Jakob
Wallin, Ingvar
Blom, Jessica
Hansson, Gun
Lund, Jenny
Ström, Daniel
Pålsson, Annika
Bengtsson, Alexandra
Danielsson, Madeleine
Hedlund, Erik
Ekström, Ingemar
Blom, Lilly
Löfgren, Marcus
Pålsson, Stig
Berg, Victoria
Blomqvist, Ulrika
Johansson, Sara
Abrahamsson, Stig
Karlsson, Johanna
Lind, Mikaela
Lindgren, Jan
Hassan, Thomas
Hellström, Amanda
Sandberg, Henrik
Samuelsson, Lisa
Gustafsson, Ingvar
Hedlund, Jan
Holm, Torbjörn
Blom, Sara
Larsson, Ingvar
Sundberg, Ingrid
Persson, Klara
Gustafsson, Lennart
Sundberg, Monica
Lind, Inger
Bergström, Tommy
Blom, Saga
Eklund, Inga
Magnusson, Jan
Jonsson, Max
Sjögren, Sara
Forsberg, Felix
Bengtsson, Johannes
Blom, Johanna
Hansen, Ali
Jansson, Ellen
Karlsson, Samuel
Hassan, Elias
Olofsson, Alice
Fransson, Emilia
Jakobsson, Simon
Mohamed, Wilhelm
Nyström, Helen
Lundqvist, Eva
Persson, Andreas
Holmgren, Lovisa
Pettersson, Sandra
Sjöberg, Robert
Hellström, Frida
Arvidsson, Jakob
Söderberg, Irene
Söderberg, Rebecca
Falk, Sofie
Hansen, Ellinor
Hellström, Nina
Nordin, Helen
Martinsson, Mattias
Löfgren, Pia
Lund, Lilly
Karlsson, Felix
Larsson, Britt
Ek, Josef
Larsson, Per
Jonsson, Kent
Forsberg, Alice
Berggren, Hans
Abrahamsson, Ali
Bergström, Jan
Lindberg, Marcus
Mohamed, Bengt
Björklund, Albin
Gunnarsson, Klara
Lindholm, Jörgen
Björk, Maj
Danielsson, Georg
Hansson, Emanuel
Sjögren, Josef
Berg, Kerstin
Hassan, Christer
Hassan, Torbjörn
Fransson, Christoffer
Fredriksson, Birgitta
Lindqvist, Roland
Berggren, Alva
Olofsson, Simon
Karlsson, Rasmus
Lind, Peter
Sjögren, Jimmy
Lindholm, Lina
Lund, Monica
Sandström, Tobias
Engström, Gustav
Samuelsson, Max
Eliasson, Elin
Gustafsson, Ove
Söderberg, Mikael
Andersson, Berit
Berg, Ingrid
Jakobsson, Edvin
Lindqvist, Sara
Söderberg, Hans
Nyberg, Maj
Eliasson, Daniel
Ek, Margareta
Olofsson, Helena
Strömberg, Annika
Hedlund, Wilma
Svensson, Leif
Henriksson, Alva
Lindberg, Anneli
Nordström, Wilhelm
Olsson, Lena
Sandberg, Lennart
Holmgren, Ulf
Wikström, Axel
Sjögren, Leif
Håkansson, Berit
Claesson, Siv
Jansson, Madeleine
Löfgren, John
Jonsson, Louise
Bergman, Julia
Håkansson, Elias
Gunnarsson, Mattias
Holm, Emanuel
Nyström, Katarina
Martinsson, Ulrika
Hedlund, Ali
Sundberg, Adam
Hansen, Pernilla
Holmgren, Kevin
Ek, Liam
Johansson, Agnes
Fredriksson, Erika
Fransson, Linn
Svensson, Edvin
Ahmed, Emanuel
Lund, Roland
Olsson, Hugo
Eriksson, Mohammad
Lundberg, Inga
Sundberg, Inger
Olsson, Malin
Holmqvist, Cecilia
Mohamed, Julia
Lindholm, Jessica
Norberg, Alexandra
Bergman, Lovisa
Nordström, Alexandra
Andreasson, Mohammad
Strömberg, Moa
Dahl, Gunnar
Ahmed, Emma
Viklund, Agnes
Blomqvist, Göran
Wallin, Elin
Jönsson, Henrik
Sjöberg, Helen
Wikström, Liam
Jansson, Malin
Bergqvist, Julia
Åkesson, Jimmy
Åkesson, Marie
Sandström, Rune
Ahmed, Jonathan
Lindholm, Nils
Lundström, Alexandra
Ahmed, Moa
Mattsson, Oskar
Ali, Victoria
Jakobsson, Lisa
Jönsson, Ulla
Lundström, Martin
Bergqvist, Alice
Lindgren, Elias
Forsberg, Josef
Hedlund, Viktor
Nilsson, Sofia
Nordin, Bengt
Nyström, Wilma
Larsson, Anna
Björk, Therese
Hedlund, Oscar
Löfgren, Rickard
Arvidsson, Kent
Magnusson, Sandra
Lundin, Astrid
Björk, Ulrika
Henriksson, Märta
Gunnarsson, Maj
Lundgren, Linnéa
Holmberg, Nils
Fransson, Karolina
Lundqvist, Rut
Jakobsson, Emil
Eklund, Ellen
Svensson, Pia
Lindström, Leif
Dahl, Filip
Mårtensson, Göran
Ali, Jonathan
Mårtensson, Thomas
Pettersson, Amanda
Danielsson, Nathalie
Månsson, Sven
Bengtsson, Linda
Lundgren, Mats
Lundberg, Karl
Lundqvist, Linus
Öberg, Ingegerd
Berg, Joakim
Ek, Louise
Claesson, Karin
Nilsson, Filip
Magnusson, Jesper
Eklund, Josefin
Ahmed, Lars
Lind, Patrik
Mårtensson, Hans
Danielsson, Karin
Nyberg, Sara
Eriksson, Monica
Lund, Ann
Fredriksson, Oscar
Axelsson, Nathalie
Lundberg, Julia
Fredriksson, Leo
Bergström, Anton
Dahlberg, Kjell
Lindberg, Axel
Falk, Joakim
Nordin, Mona
Wallin, Jenny
Eliasson, Emil
Bengtsson, Robin
Mohamed, Johannes
Lundqvist, Frida
Lind, Sofie
Nilsson, Isabelle
Fransson, Maria
Viklund, Gustav
Holmgren, Rune
Ek, Samuel
Månsson, Lilly
Bergström, Lars
Månsson, Sofia
Ahmed, Marie
Karlsson, Rasmus
Bengtsson, Frida
Isaksson, Ali
Bergström, Emma
Martinsson, Nina
Jansson, Pontus
Andreasson, Ingvar
Olofsson, Peter
Mattsson, Helen
Mohamed, Isak
Löfgren, Daniel
Abrahamsson, Klara
Öberg, Pontus
Norberg, Leo
Andersson, Felix
Pålsson, Viktoria
Björklund, Lars
Söderberg, Hugo
Pålsson, Linda
Åberg, Simon
Larsson, Wilhelm
Holmberg, Mikael
Forsberg, Gustav
Gustafsson, Sven
Hedlund, Mats
Bergström, Ebba
Magnusson, Joakim
Lindholm, Carina
Lundqvist, Wilhelm
Danielsson, Jonathan
Berglund, Märta
Lundgren, Roland
Holmgren, Jacob
Wallin, Felicia
Axelsson, Jakob
Norberg, Rut
Gunnarsson, Magnus
Ali, Julia
Viklund, Pernilla
Pålsson, Ingrid
Jönsson, Inger
Bergqvist, Wilma
Nyberg, Gabriel
Engström, Anna
Fransson, Barbro
Strömberg, Pontus
Henriksson, Mikael
Nilsson, Kristin
Holmqvist, Barbro
Claesson, Karin
Lundgren, Per
Abrahamsson, Inga
Dahl, Isabelle
Bengtsson, Monica
Axelsson, Malin
Pettersson, Ali
Pålsson, Alexander
Forsberg, Elsa
Johansson, Patrik
Ek, Marcus
Dahl, Berit
Holm, Anna
Åkesson, Wilhelm
Samuelsson, Eva
Danielsson, Christoffer
Pålsson, Lilly
Eriksson, Matilda
Hansen, Amanda
Ekström, Thomas
Svensson, Emelie
Gustafsson, Elisabeth
Mårtensson, Oskar
Magnusson, Tommy
Ahmed, Jimmy
Mohamed, Sara
Bergman, Annika
Blom, Alexander
Gunnarsson, Linnéa
Pettersson, Olle
Hedlund, Gösta
Larsson, Josefin
Ali, Susanne
Sjögren, Sven
Blomqvist, Erika
Mårtensson, Daniel
Nyström, Anita
Bergström, Anette
Jönsson, Ludvig
Isaksson, Nils
Lundberg, Sandra
Lindberg, Daniel
Persson, Ann
Holmqvist, Lars
Johansson, Sebastian
Åkesson, Mattias
Sandberg, Ann
Lindqvist, Maja
Berglund, Christer
Gustafsson, Olle
Jonsson, Kristin
Åberg, Maj
Sandström, Lovisa
Fransson, Saga
Jakobsson, Joakim
Henriksson, Eva
Lundberg, Marie
Håkansson, Patrik
Lundberg, Johnny
Blom, Mohammad
Mohamed, Linus
Bergqvist, Hanna
Forsberg, Anton
Arvidsson, Malin
Holmqvist, Kerstin
Jansson, Stefan
Arvidsson, Rolf
Henriksson, Anette
Hedlund, Felix
Abrahamsson, Karin
Forsberg, Maj
Lindholm, Siv
Hellström, Mikael
Falk, Göran
Håkansson, Amanda
Hansen, Gunnar
Löfgren, Ida
Lund, Ulf
Hermansson, Roland
Andersson, Agneta
Fredriksson, Oliver
Gunnarsson, Astrid
Ali, Rune
Axelsson, Karin
Ek, Elias
Ali, Joel
Isaksson, Patrik
Arvidsson, Victoria
Blom, Hugo
Svensson, Nathalie
Blom, Christoffer
Lindberg, Ella
Sandström, Håkan
Jönsson, Viktor
Claesson, Roland
Lundström, Johanna
Eliasson, Jakob
Jonsson, Robin
Mårtensson, Alice
Magnusson, Ingvar
Ali, Linn
Lundgren, Linus
Samuelsson, Jonas
Lund, Tobias
Nordin, Helena
Nilsson, Edvin
Lundberg, Per
Lindberg, Anton
Norberg, Viktor
Lund, Johan
Hansson, Gunilla
Sandberg, Susanne
Wikström, Adam
Persson, Monica
Nilsson, Stig
Åkesson, Mats
Blom, Sandra
Dahl, Cecilia
Strömberg, William
Ahmed, Tommy
Lund, Åke
Danielsson, Olle
Lund, Felix
Eliasson, Emil
Dahl, Lisa
Gustafsson, Ellen
Johansson, Bertil
Jönsson, Camilla
Pettersson, Adam
Karlsson, Emelie
Mårtensson, Johanna
Claesson, Åke
Johansson, Helena
Lindberg, Sofie
Henriksson, Torbjörn
Jonsson, Kenneth
Martinsson, Ulf
Ström, Maria
Björklund, Emelie
Jonsson, Inger
Henriksson, Alexandra
Jakobsson, Jessica
Hedlund, Kenneth
Fredriksson, Simon
Lundqvist, Gösta
Holmberg, Irene
Berg, Malin
Dahl, Isabelle
Månsson, Christina
Berglund, Edvin
Sjöberg, Jimmy
Bergqvist, Bertil
Fredriksson, Klara
Lindström, Johan
Månsson, Olle
Lundgren, Katarina
Åberg, Ann
Blomqvist, Åke
Gustafsson, Ingegerd
Johansson, Felix
Fransson, Tommy
Mattsson, Anton
Svensson, Agneta
Björk, Anton
Martinsson, Elias
Björk, Ingemar
Berglund, Johanna
Martinsson, Erik
Engström, Siv
Lindström, Gunilla
Sundberg, Pernilla
Eklund, Sofie
Fransson, Julia
Hedlund, Anton
Pålsson, Eva
Johansson, Eva
Wikström, Erika
Isaksson, Ida
Andersson, Marcus
Holmgren, Carina
Norberg, Kjell
Åberg, Frida
Sandström, Felicia
Pålsson, Christian
Berg, Elin
Fredriksson, Felicia
Olofsson, Rasmus
Berg, Sofie
Ali, Mats
Olsson, Johan
Lindqvist, Victoria
Hansson, Jörgen
Henriksson, Martin
Åberg, Josefin
Holmgren, Linus
Claesson, Inga
Hansen, Sofia
Gunnarsson, Ebba
Hedlund, Siv
Berggren, Ludvig
Lundqvist, Mats
Axelsson, Andreas
Sjöberg, Niklas
Sandström, Isabelle
Samuelsson, Jimmy
Jakobsson, Saga
Björklund, Emanuel
Ek, Gabriel
Falk, Ove
Jakobsson, Håkan
Jönsson, Maja
Månsson, Olle
Olsson, Jacob
Andersson, Gabriel
Gunnarsson, Ali
Wikström, Alva
Lundström, Ove
Engström, Ingrid
Berggren, Jan
Lundberg, Josefin
Lindström, Berit
Jönsson, Magnus
Dahlberg, Sandra
Olofsson, Anita
Månsson, Kevin
Jansson, Felicia
Holmqvist, Rickard
Jakobsson, Gösta
Nyström, Ingrid
Gunnarsson, Emanuel
Eklund, Kevin
Pettersson, Tobias
Björk, Kjell
Åkesson, Olivia
Nordström, Louise
Bergström, Filip
Mohamed, Charlotte
Arvidsson, Johanna
Falk, Thomas
Isaksson, Carina
Ström, Josefin
Olsson, Linn
Blomqvist, Cecilia
Magnusson, Alexandra
Lundin, Lena
Forsberg, Monica
Lundqvist, Christer
Olofsson, Henrik
Lundberg, Elin
Hansen, Ali
Åberg, Ingrid
Ahmed, Thomas
Holmberg, Maria
Lindberg, Per
Karlsson, Therese
Larsson, Georg
Berglund, Lovisa
Blomqvist, Madeleine
Johansson, Linnéa
Hellström, Daniel
Holm, Maja
Ström, Viola
Gunnarsson, Josefin
Eklund, Britt
Pålsson, Dennis
Nordin, Emma
Eriksson, Alexander
Arvidsson, Samuel
Holm, Pernilla
Engström, Rickard
Holmgren, Linda
Jonsson, Andreas
Abrahamsson, Carina
Håkansson, Lovisa
Löfgren, Hanna
Holmqvist, Mats
Samuelsson, Emanuel
Lundin, Mohammad
Andersson, Christer
Nilsson, Helen
Bengtsson, Elisabeth
Hassan, Magnus
Fransson, Felix
Engström, Karl
Ahmed, Axel
Larsson, Kristina
Andreasson, Hans
Eklund, Kenneth
Ahmed, Sofie
Lundberg, Filip
Holm, Jenny
Hansen, Ulla
Wallin, Max
Sandström, Jonathan
Strömberg, Olof
Falk, Ingvar
Johansson, Rut
Wallin, Gabriel
Bergman, Madeleine
Håkansson, Gunilla
Berggren, Max
Lindström, Maja
Persson, Olof
Hermansson, Olof
Andersson, Rickard
Henriksson, Saga
Samuelsson, Simon
Viklund, Gösta
Berglund, Therese
Löfgren, Karolina
Dahlberg, Olivia
Andersson, Maj
Eliasson, Jonathan
Lundström, Sebastian
Hellström, Niklas
Andreasson, Elin
Wikström, Alexandra
Mattsson, Katarina
Jönsson, Linda
Persson, Jakob
Sandström, Daniel
Nilsson, Elsa
Fransson, Cecilia
Abrahamsson, Bengt
Fredriksson, Joel
Håkansson, Roger
Wallin, Rolf
Holm, Leif
Eklund, Alexander
Berggren, William
Pålsson, Madeleine
Lindqvist, Martin
Hermansson, Lisa
Arvidsson, Kenneth
Axelsson, Håkan
Nilsson, Birgitta
Danielsson, Anette
Forsberg, Stig
Lundgren, Sonja
Svensson, Ingrid
Eklund, Alma
Björk, Marianne
Lundström, Barbro
Lundberg, Viola
Jonsson, Maria
Nordström, Kurt
Hansen, Erika
Gustafsson, Nils
Jakobsson, Emanuel
Dahlberg, Nina
Mattsson, Axel
Dahl, Victoria
Sjögren, Felix
Bengtsson, Rolf
Ek, Agneta
Sjöberg, Jenny
Lindberg, Nathalie
Bergman, John
Bergström, Johanna
Öberg, Mona
Larsson, Nils
Björk, Dennis
Holmberg, Albin
Arvidsson, Monica
Lindholm, Jonathan
Mohamed, Robert
Nyberg, Martin
Öberg, Sofie
Ahmed, Christina
Larsson, Kenneth
Björk, Klara
Berggren, Anders
Lindholm, Ida
Ström, Emma
Ahmed, Joakim
Eklund, Oscar
Ek, Lars
Axelsson, Dan
Hermansson, Susanne
Eriksson, Christian
Ahmed, Mikaela
Jönsson, Bengt
Lindberg, Stig
Holmgren, Sebastian
Jönsson, Bertil
Sjöberg, Agnes
Danielsson, Viktor
Björk, Jessica
Falk, Louise
Nordin, Frida
Håkansson, Sofia
Åkesson, Margareta
Ekström, Emanuel
Isaksson, Agnes
Svensson, Lisa
Lundqvist, Birgitta
Magnusson, Olle
Lindgren, John
Hansson, Ludvig
Berg, Kristina
Ekström, Siv
Björk, Barbro
Holm, Mikaela
Pålsson, Lucas
Bergman, Emelie
Sandström, Lisa
Björk, Johan
Lindqvist, Ove
Wikström, Anton
Danielsson, Samuel
Lundström, Lena
Hellström, Marianne
Olofsson, Sonja
Sandström, Kenneth
Berglund, Simon
Holmberg, Carina
Falk, Barbro
Andersson, Camilla
Dahlberg, Felicia
Sjöberg, Mikaela
Danielsson, Anna
Hansen, Karl
Ekström, Maria
Falk, Erik
Åkesson, Torbjörn
Axelsson, Jonathan
Andreasson, Matilda
Nordström, Elsa
Blomqvist, Linus
Lindgren, Filip
Magnusson, Yvonne
Ali, William
Isaksson, Kristina
Fransson, Max
Forsberg, Sofia
Eklund, Lucas
Lundqvist, Hugo
Nyström, Irene
Arvidsson, Caroline
Svensson, Jacob
Svensson, Ellinor
Nordin, Ingemar
Nordström, Charlotta
Olofsson, Britt
Sandström, Wilhelm
Sundberg, Louise
Magnusson, Rut
Berglund, Gunilla
Gunnarsson, Marianne
Strömberg, Mohamed
Dahlberg, Pontus
Fredriksson, Agnes
Lindgren, Edvin
Berg, Sofie
Holmqvist, Inger
Mattsson, Kerstin
Arvidsson, Klara
Johansson, Adam
Wikström, Edvin
Persson, Per
Olofsson, Ebba
Karlsson, Fredrik
Svensson, Gunnar
Lundqvist, Bengt
Holmberg, Åsa
Dahlberg, Jakob
Fransson, Siv
Engström, Olivia
Johansson, Ali
Ström, Ulf
Pålsson, Axel
Fransson, Lennart
Holmqvist, Oscar
Sandberg, Georg
Henriksson, Madeleine
Lindberg, Viktoria
Pettersson, Tommy
Ström, Ebba
Gunnarsson, Emanuel
Lindqvist, Alice
Björklund, Inga
Jönsson, Märta
Björk, Jesper
Blomqvist, Dennis
Lund, Andreas
Andersson, Martin
Olsson, Jesper
Strömberg, Pernilla
Lundqvist, Hans
Andreasson, Ida
Jonsson, Birgitta
Lundström, Victoria
Sandberg, Oliver
Bergqvist, Kevin
Eliasson, Jesper
Nordström, Marcus
Andreasson, Thomas
Jansson, Johnny
Strömberg, Ludvig
Lundgren, Mattias
Åberg, Pontus
Björklund, Linnéa
Sjöberg, Marie
Bergström, Niklas
Löfgren, Sven
Wikström, Ulrika
Bergström, Annika
Andersson, Agnes
Dahl, Oskar
Lundqvist, Alma
Isaksson, Ulrika
Lund, Monica
Mohamed, Sofia
Öberg, Håkan
Dahlberg, Emma
Claesson, Thomas
Nyberg, Camilla
Löfgren, Rolf
Martinsson, Isak
Martinsson, Göran
Strömberg, Torbjörn
Mårtensson, Pernilla
Lindqvist, Kjell
Berglund, Britt
Åkesson, Emilia
Strömberg, Therese
Nordström, Jonas
Hansson, Nina
Jonsson, Axel
Lundin, Marianne
Norberg, Therese
Berg, Josef
Falk, Nathalie
Lundström, Nils
Lundgren, Nathalie
Wallin, Wilhelm
Ahmed, Berit
Holm, Hans
Håkansson, Sven
Gustafsson, Johan
Sundberg, Katarina
Hansson, Katarina
Mattsson, Roger
Wikström, Hanna
Jönsson, Julia
Ek, Axel
Fransson, Lena
Håkansson, Robin
Nyberg, Berit
Åkesson, Albin
Hermansson, Jimmy
Holmberg, Dan
Lundin, Ellinor
Eklund, Ali
Lindström, Wilma
Jansson, Liam
Jonsson, Maria
Lindqvist, William
Persson, Emanuel
Sandström, Lisa
Ek, Sara
Bengtsson, Margareta
Fredriksson, Felix
Johansson, Henrik
Pettersson, Tommy
Mårtensson, Samuel
Jakobsson, Rebecca
Hellström, Robin
Nyberg, Albin
Hansen, Josef
Eriksson, Isabelle
Lundqvist, Gun
Lindgren, Kristin
Söderberg, Hanna
Strömberg, Fredrik
Jakobsson, Kristin
Strömberg, Gustav
Pålsson, Annika
Bergström, Kerstin
Nordström, Jenny
Nordin, Olle
Månsson, Wilma
Lindqvist, Åke
Ahmed, Agneta
Berglund, Fredrik
Johansson, Mona
Martinsson, Hugo
Dahlberg, Filip
Sjöberg, Matilda
Abrahamsson, Rune
Jonsson, Ingvar
Löfgren, Linda
Dahl, Pernilla
Blomqvist, Sofie
Nyström, Andreas
Karlsson, Linn
Öberg, Kjell
Isaksson, Katarina
Hedlund, Maja
Norberg, Josef
Hassan, Rickard
Berg, Yvonne
Lindström, Birgitta
Eliasson, Maja
Bengtsson, Bengt
Eriksson, Hans
Strömberg, Roger
Wikström, Simon
Håkansson, Sven
Forsberg, Barbro
Bergman, Marcus
Abrahamsson, Irene
Hermansson, Malin
Wikström, Sofie
Engström, Alva
Holmgren, Anton
Mårtensson, Olof
Lind, Ellen
Bergqvist, Torbjörn
Holmqvist, Isak
Åberg, Adam
Lind, Mona
Hedlund, Marie
Jönsson, Roger
Gustafsson, Kristin
Ström, Sandra
Andersson, Sven
Sjögren, Per
Karlsson, Agnes
Martinsson, Gabriel
Björk, Olivia
Holm, John
Söderberg, Jimmy
Sundberg, Max
Pålsson, Andreas
Nordström, Rut
Isaksson, Inger
Magnusson, Yvonne
Sjöberg, Inger
Norberg, Helen
Mattsson, Helen
Mårtensson, Maj
Lund, Åke
Eriksson, Maj
Hassan, Ulrika
Eklund, Linus
Magnusson, Stig
Holmqvist, Anneli
Sjögren, Katarina
Nordström, Ella
Åberg, Alice
Isaksson, Malin
Bergström, Jan
Hansen, Erika
Nordström, Frida
Bergqvist, Pia
Sjögren, Ingrid
Olsson, Gun
Claesson, Gösta
Nordin, Magnus
Sandström, Barbro
Berglund, Magnus
Lind, Edvin
Åberg, Rut
Wallin, Rebecca
Claesson, Johannes
Claesson, Wilhelm
Berggren, Anita
Martinsson, Emanuel
Jonsson, Erik
Fredriksson, Simon
Axelsson, Sonja
Wikström, Alexandra
Åberg, Leif
Gunnarsson, Kevin
Lundberg, Lilly
Sjöberg, Marianne
Dahlberg, Mohammad
Persson, Joel
Ahmed, Emil
Hansen, Ulrika
Eklund, Moa
Mårtensson, Inger
Åkesson, Oskar
Lundqvist, Kent
Åkesson, Oskar
Hansson, Camilla
Sjöberg, Ludvig
Jonsson, Felicia
Sandström, Yvonne
Lund, Jacob
Hassan, Helena
Mårtensson, Henrik
Dahlberg, Gun
Blomqvist, Alice
Lind, Anders
Lundström, Caroline
Sandström, Hugo
Isaksson, Birgitta
Dahl, Patrik
Berggren, Amanda
Ekström, Marianne
Jakobsson, Emelie
Blomqvist, Ove
Engström, Leif
Mattsson, Oliver
Åberg, Elias
Dahl, Erik
Lundin, Thomas
Sjöberg, Yvonne
Lindqvist, Mohammad
Lundqvist, Marie
Söderberg, Amanda
Ali, Maria
Hermansson, Karl
Lind, Ingegerd
Pålsson, Torbjörn
Martinsson, Caroline
Bengtsson, Ingrid
Magnusson, Märta
Gustafsson, John
Johansson, Dan
Svensson, Christer
Axelsson, Rune
Lindström, Alexandra
Lind, Christina
Norberg, Märta
Gustafsson, Nina
Söderberg, Emil
Berggren, Marie
Fredriksson, Jan
Andersson, Ulf
Holmberg, Moa
Danielsson, Britt
Fredriksson, Liam
Wallin, Ella
Bergqvist, Frida
Forsberg, Karolina
Månsson, Kristin
Andreasson, Amanda
Ekström, Gustav
Åberg, Ingrid
Lundgren, Madeleine
Ekström, Gösta
Lundgren, Jonathan
Söderberg, Roger
Karlsson, Margareta
Lindström, William
Jakobsson, Alexandra
Hellström, Alma
Bengtsson, Britt
Björk, Axel
Viklund, Sandra
Samuelsson, Mattias
Gustafsson, Erik
Wallin, Isak
Holmberg, Katarina
Gustafsson, Ingemar
Sandberg, Lina
Bergqvist, Georg
Gustafsson, Helena
Samuelsson, Marianne
Svensson, Leo
Sjöberg, Roland
Sundberg, Dan
Nyström, Jessica
Berggren, Sofie
Lindström, Ulrika
Norberg, Lena
Öberg, Sofie
Nordström, Jan
Axelsson, Sandra
Björk, Gabriel
Ahmed, Mattias
Sjöberg, Jan
Nilsson, Elin
Strömberg, Camilla
Lindqvist, Lovisa
Månsson, Axel
Karlsson, Fredrik
Håkansson, Olle
Björk, Elias
Isaksson, Mikael
Nyström, Magnus
Dahlberg, Gun
Blom, Lilly
Ström, Anette
Gustafsson, Sara
Falk, Rasmus
Björk, Sebastian
Engström, Linda
Andersson, Christoffer
Fransson, Ove
Hansen, Eva
Lindholm, Gösta
Ek, Rune
Jönsson, Caroline
Hermansson, Rasmus
Berg, Ulla
Sandberg, Moa
Mattsson, Christina
Blom, Emma
Olsson, Alexandra
Viklund, Martin
Claesson, Fredrik
Eklund, Oliver
Berg, Oscar
Ekström, Ulf
Ström, Johan
Holmberg, Jonathan
Ek, Hugo
Månsson, Mohammad
Lundberg, Monica
Lundberg, Annika
Blomqvist, Håkan
Hellström, Kenneth
Engström, Siv
Nilsson, Jacob
Dahl, Anita
Hedlund, Jacob
Blom, Mohammad
Lundberg, Anna
Jakobsson, Mikael
Eriksson, Tommy
Lundgren, Elisabeth
Gunnarsson, Isak
Björklund, Göran
Axelsson, Lennart
Bergqvist, Linnéa
Fransson, Ludvig
Bergman, Johanna
Sjöberg, Simon
Larsson, Kristin
Nyström, Kerstin
Ekström, Stig
Björk, Karin
Berggren, Cecilia
Lindgren, Anna
Berg, Thomas
Ali, Marianne
Lund, John
Lind, Roland
Åkesson, Matilda
Olsson, Viola
Danielsson, Isabelle
Lundin, Göran
Lund, John
Hedlund, Olivia
Forsberg, Tommy
Claesson, Thomas
Dahlberg, Ingvar
Norberg, Johnny
Wikström, Karl
Jönsson, Emanuel
Pålsson, Mats
Pålsson, Kent
Lindqvist, Elin
Forsberg, Bertil
Nilsson, Siv
Lind, Victoria
Björklund, Britt
Hansson, Ludvig
Lundberg, Annika
Bergqvist, Isak
Karlsson, Wilhelm
Månsson, Peter
Nordin, Isabelle
Berglund, Charlotte
Axelsson, Sandra
Lindqvist, Amanda
Nyberg, Stig
Eliasson, Ulf
Lundberg, Moa
Dahlberg, Astrid
Björk, Max
Holmberg, Emilia
Lindholm, Kerstin
Wallin, Dennis
Dahlberg, Marcus
Lundin, Klara
Lind, Moa
Eklund, Agneta
Falk, Lina
Magnusson, Ingemar
Hansen, Ingvar
Hansen, Åsa
Norberg, Alva
Magnusson, Göran
Pettersson, Elisabeth
Holmberg, Jesper
Hermansson, Albin
Henriksson, Pia
Mårtensson, Barbro
Blomqvist, Johan
Nordin, Ellen
Sjögren, Matilda
Persson, Mikaela
Lindqvist, Berit
Sandström, Erika
Karlsson, Gustav
Blom, Mona
Strömberg, Hans
Falk, Isabelle
Hansen, Charlotta
Magnusson, Viola
Lundström, Susanne
Olofsson, Elsa
Holmqvist, Niklas
Sundberg, Josef
Hermansson, Britt
Bergqvist, Irene
Sandberg, Stefan
Sundberg, Susanne
Lindqvist, Gunnar
Lindström, Robin
Söderberg, Leo
Engström, Emma
Bengtsson, Felix
Mårtensson, Gustav
Fransson, Mohamed
Bergqvist, Roland
Ahmed, Nils
Sandberg, Ove
Henriksson, Ann
Eriksson, Cecilia
Nyberg, Ulla
Jonsson, Olof
Berg, Anita
Bengtsson, Viola
Nyberg, Josefin
Dahl, Samuel
Åkesson, Daniel
Olsson, Malin
Sjöberg, Pontus
Magnusson, Alexander
Ahmed, Gunilla
Karlsson, Samuel
Axelsson, Agnes
Hellström, Torbjörn
Nordström, Anders
Lundin, Viktor
Lindqvist, Adam
Mohamed, Emma
Björk, Caroline
Björklund, Susanne
Fransson, Jesper
Nyberg, Robin
Jansson, Saga
Olofsson, Gustav
Bergman, Jessica
Engström, Moa
Olofsson, Johanna
Bergqvist, Kerstin
Falk, Emilia
Lindqvist, Stefan
Ali, Andreas
Eriksson, Olivia
Berglund, Marcus
Martinsson, Ida
Holm, Gunilla
Dahlberg, Birgitta
Mohamed, Robin
Jansson, Madeleine
Nyberg, Edvin
Holmberg, Jesper
Andreasson, Ella
Svensson, Ulrika
Nyberg, Nils
Mohamed, Joel
Eliasson, Alma
Abrahamsson, Åsa
Ek, Gunilla
Pålsson, Lars
Sandström, Emma
Isaksson, Siv
Jönsson, Dennis
Mohamed, Rune
Nyberg, Pontus
Blom, Carina
Björklund, Susanne
Bergström, Albin
Forsberg, Dan
Wikström, Ann
Jansson, Matilda
Lundström, Cecilia
Hansen, Gustav
Dahlberg, Alma
Olofsson, Eva
Larsson, Dan
Lindberg, Bengt
Ström, Mikaela
Fredriksson, Märta
Lundström, Camilla
Nordin, Sven
Jakobsson, Johanna
Dahlberg, Maja
Öberg, Felicia
Nordström, Karin
Eriksson, Britt
Larsson, Katarina
Abrahamsson, Sofia
Andreasson, Mats
Mårtensson, Stig
Engström, Felix
Jakobsson, Maja
Åkesson, Anders
Karlsson, Charlotta
Lindgren, Joel
Johansson, Karl
Ali, Emilia
Lindström, Elisabeth
Eriksson, Lena
Hansson, John
Blomqvist, Oliver
Holm, Stefan
Sjögren, Felicia
Persson, Helen
Holmgren, Lovisa
Hansen, Samuel
Nyberg, Rickard
Falk, Inger
Karlsson, Leo
Andersson, Fredrik
Bengtsson, Jonathan
Lundqvist, Ella
Karlsson, Sven
Olofsson, Mona
Nyström, Albin
Falk, Felix
Håkansson, Jörgen
Blom, Johan
Åkesson, Lisa
Löfgren, Katarina
Eklund, Jenny
Lundqvist, Bertil
Berg, Elin
Olsson, Emanuel
Pålsson, Madeleine
Lundberg, Erika
Hellström, Sofia
Jansson, Mattias
Ek, Ingemar
Blom, Mohamed
Blomqvist, Stefan
Ahmed, Viktor
Lundberg, Anders
Lindberg, Ellen
Björk, Ellen
Eriksson, Lars
Andersson, Yvonne
Norberg, Carina
Nyberg, Liam
Hansen, Christina
Sandberg, Gunilla
Karlsson, Kristina
Hassan, Kerstin
Hellström, Emelie
Olsson, Edvin
Hedlund, Oskar
Larsson, Kent
Wallin, Emil
Arvidsson, Ida
Nilsson, Rickard
Hassan, Nils
Dahlberg, Eva
Andersson, Sandra
Bengtsson, Siv
Sundberg, Linnéa
Lundgren, Stig
Jakobsson, Lennart
Sandberg, Ann
Gunnarsson, Jesper
Ali, Alma
Persson, Jenny
Sandberg, Moa
Lindström, Barbro
Björklund, Mats
Bergström, Birgitta
Hassan, Christoffer
Johansson, Johannes
Gunnarsson, Irene
Persson, Per
Blom, Josef
Nyberg, Albin
Blomqvist, Frida
Ahmed, Robert
Sandberg, Thomas
Holmqvist, Viktor
Sjöberg, Linn
Claesson, Maria
Ek, Jessica
Svensson, Inger
Mohamed, Ella
Holmqvist, Oliver
Andreasson, Nils
Sandström, Kjell
Ek, Lars
Holmqvist, Johnny
Bergqvist, Felicia
Lundin, Anita
Lindholm, Johannes
Hermansson, Stefan
Olofsson, Astrid
Lindberg, Elisabeth
Jansson, Agneta
Hedlund, Ludvig
Johansson, Charlotte
Svensson, Viola
Lindqvist, Leo
Hermansson, Charlotte
Pettersson, Yvonne
Håkansson, Joakim
Ahmed, Alexandra
Norberg, Lilly
Sjöberg, Lina
Lundberg, Berit
Pettersson, Nathalie
Lundberg, Mikael
Claesson, Klara
Holmberg, Josef
Nordström, Josefin
Bergström, Åke
Pettersson, Viktoria
Claesson, Ann
Sandström, Jimmy
Blomqvist, Lars
Hassan, Berit
Karlsson, Susanne
Mohamed, Leif
Jonsson, Filip
Lindgren, Anders
Claesson, Linus
Nilsson, Jacob
Lundström, Mats
Ali, Siv
Blomqvist, Christian
Öberg, Maj
Bengtsson, Monica
Isaksson, Frida
Dahl, Max
Bergqvist, Barbro
Hansson, Johanna
Bergqvist, Tommy
Björk, Maj
Hassan, Håkan
Danielsson, Felicia
Lindgren, Torbjörn
Gunnarsson, Cecilia
Holm, Albin
Holmgren, Pontus
Andreasson, Rebecca
Strömberg, Amanda
Jönsson, Katarina
Arvidsson, Emelie
Nordin, Henrik
Ali, Margareta
Sandström, Sandra
Lindström, Anita
Jakobsson, Linnéa
Claesson, Albin
Eliasson, Ellinor
Henriksson, Åsa
Lundin, Emma
Lindberg, Fredrik
Öberg, Ingegerd
Wikström, Per
Hellström, Inger
Holmgren, Karl
Holm, Anette
Isaksson, Mohammad
Ekström, Georg
Ali, Gunnar
Jonsson, Lucas
Ekström, Leif
Söderberg, Mohamed
Bergqvist, Dennis
Ek, Georg
Bergman, Josefin
Holm, Märta
Persson, Madeleine
Hassan, Leo
Löfgren, Hugo
Forsberg, Katarina
Månsson, Christoffer
Olsson, Rasmus
Nyberg, Hans
Hansson, Lena
Wikström, Moa
Viklund, Axel
Berg, Olle
Lindgren, Karin
Axelsson, Alexander
Lind, Ellen
Löfgren, Siv
Bergqvist, Liam
Sjöberg, Georg
Axelsson, Inga
Sjögren, Rickard
Bergqvist, Emma
Lundin, Louise
Dahl, Therese
Mårtensson, Alva
Bergman, Martin
Björklund, Johan
Wikström, Per
Hellström, Kurt
Samuelsson, Mattias
Eliasson, Inger
Mattsson, William
Danielsson, Alexander
Hassan, Gösta
Mårtensson, Hugo
Hellström, Malin
Lindholm, Åsa
Mohamed, Sofie
Björklund, Simon
Hassan, Irene
Nordström, Christer
Larsson, Isak
Berglund, Albin
Andreasson, Johannes
Hansen, Viktoria
Ali, Lina
Viklund, Jonas
Nyström, Christoffer
Hassan, Elsa
Arvidsson, Kurt
Nyström, Gustav
Strömberg, Peter
Sundberg, William
Jönsson, Anette
Danielsson, Birgitta
Hellström, Christoffer
Jakobsson, Lucas
Fransson, Hanna
Holmgren, Niklas
Månsson, Astrid
Strömberg, Marie
Eklund, Jimmy
Wallin, Mikael
Lindholm, Joel
Eriksson, Linda
Viklund, Agnes
Bergman, Leif
Lundström, Gösta
Olofsson, Rasmus
Holmberg, Sebastian
Hermansson, Matilda
Lundqvist, Anders
Hansen, Olivia
Lund, Sebastian
Lindberg, Dennis
Öberg, Roland
Löfgren, Marianne
Andreasson, Isabelle
Karlsson, Gunnar
Pålsson, Edvin
Andersson, Johnny
Håkansson, Alexander
Björklund, Oliver
Arvidsson, Eva
Ahmed, Isabelle
Norberg, Axel
Berggren, Roger
Löfgren, Therese
Hassan, Viktor
Wikström, Felicia
Ström, Niklas
Karlsson, Oscar
Sandström, Sonja
Lundqvist, Viola
Eriksson, Sonja
Abrahamsson, Berit
Magnusson, Caroline
Magnusson, Saga
Danielsson, Linda
Lindholm, Oskar
Blomqvist, Matilda
Falk, Samuel
Berggren, Elin
Isaksson, Ellinor
Andersson, Erika
Norberg, Karolina
Dahl, Maria
Hellström, Karolina
Persson, Astrid
Pettersson, Kristin
Lind, Elias
Nyberg, Alexandra
Forsberg, Emilia
Bergström, Britt
Norberg, Mikael
Sjögren, Märta
Johansson, Mona
Lindgren, Jessica
Ottman, Idita
O, Martin
Mi, O
Xang, Bo
bjorn, anna
